0gt4VCBcEsk, 19114
0ohhUqQm9ts, 193289
2ItCIx6HGHY, 120781
4OeziRTGvu4, 171539
7Cdu0g-DLGY, 353692
7reVFodw0rg, 578038
BnQvtmdwGIc, 128915
K5Yf206nHTE, 520250
L9RACeC6Z_4, 418622
UmQU6q2oPWg, 195404
pYuszQ8cc_o, 269074
zLBwKxx4-i0, 2068943
---7dY4S1_U, 496373
-j0YFqVsB_E, 28184
0awkRBW5aqU, 97866
0ohhUqQm9ts, 193289
0wmotWUm6MU, 1535246
2A0bbrjA_UM, 1158338
3iFijPWNuDc, 112268
3nYAVOyJOYo, 133747
3vzwT5xkscM, 556895
3yAzYlxRLbI, 89001
4OeziRTGvu4, 171539
55ngKyf9a8w, 14320
6Gh2qAtBGGk, 3622
6a3Cd_mtXvo, 57037
6tcuq9yViaI, 126578
7Cdu0g-DLGY, 353692
7reVFodw0rg, 578038
7xjwD6fSSSM, 121763
8upZ_p6lONI, 158420
8xznOHTVWBA, 127641
9LhdWbxL2IU, 225602
9WEjWvvGW8E, 3179959
9gCq5RQdNLM, 222811
9mUjkBHrcVc, 54413
A07J0LPgyN8, 6486
AUV-fsk9Zug, 3244942
AevDT2vSUg4, 86659
BCUJJGzumrA, 45405
BcCH6VFT5eU, 69203
BnQvtmdwGIc, 128915
D5y8YV0ixvg, 313857
EDmreLpjDtk, 2029804
EH3oPUpl414, 2357680
F15GjhWryZM, 99507
GDO1P4ujm00, 45687
Gs8snRwdGqA, 166055
HkDFsKl-5Jk, 1471129
J1fOVZbfz9o, 98316
L9RACeC6Z_4, 418622
M3zNFgfy0Hk, 2013289
MHIOrvwilws, 19223
MhV-27DjydQ, 1687755
N6p9oXmPUvc, 2372472
NSAwpmzPKKE, 242130
Nwngr29ZXko, 69916
PLigE_qCDCc, 125965
Prtb8RKRPBc, 354312
QXroDz31P2o, 1137480
RNKNK2zVhtM, 50547
RgrtW-fI5dM, 1115315
RnL0Z0c1EFI, 369375
SZCel3g3-TU, 300985
Tijb_VC8YiQ, 1367275
U1Yt-uOXGQ4, 199642
UmQU6q2oPWg, 195404
VHEohiaPlWE, 311210
WV3VDfEGwAA, 333917
XNAEjo2EBXU, 50062
a0PFiu8zdG4, 33671
b8pxnIaBGJ8, 94569
cmI7abFb-wY, 135540
cuKagHSpk3M, 7085550
czteJGnVmDM, 93722
e6t9KTxg278, 149832
eHK10nfnPjQ, 111952
gXZeCZOax8A, 424047
hr_4HiJEdoI, 1143068
jCuhlR-VBCQ, 115785
jH0eG4NjriU, 76330
jkgXYLDKm-E, 42831
jsikZbL5xIQ, 807623
kZpXF-BpX9Q, 86045
kzW1azlfSMY, 98922
l4uZmR-HBVk, 767472
lUNZPCNWGmI, 155859
m2u7sMGaIZY, 57646
migPX9E1GYE, 19908
mvT7ATfSvL4, 827127
mwBvp7G1eLc, 16029
mxOATd6EqU4, 234364
nHEK2xDo0pY, 206383
tBY3GviJeEo, 15459
u1UjTtPtQSo, 408454
umV_oPkiSOc, 532725
vVmxdPtdwxE, 166548
vj71sLxGQ8s, 106428
wL9J19ONMPo, 275183
wXgEFolHpko, 538825
x4JX4NR7rlE, 561494
xcFVBtYmMFA, 148470
y7S-umNB6Y0, 557862
yFrX1j30S-8, 81470
yWZXHD1YBx8, 50926
yXkJ2JIFE78, 65919
y_U84hqBG64, 59224
zyApHt06poA, 579263
zzI7enrnzpE, 7882030
---7dY4S1_U, 496373
--amAD-LR0I, 83122
-C85PWZ8OfI, 75777
-YjLm_Tkhkk, 3170
-j0YFqVsB_E, 28184
-tAkBS5uyZM, 164248
-w9w-b7BetU, 218375
-xZ-zVYnOm0, 90358
-z304Xzs2-c, 2230551
05C47EeF8rg, 1128975
0IqQjFyIK2o, 28222
0NaA_Afyodc, 641392
0awkRBW5aqU, 97866
0gt4VCBcEsk, 19114
0ohhUqQm9ts, 193289
0rEbCHa-qHk, 142070
0wmotWUm6MU, 1535246
0ynLOCCNXwQ, 293966
11_W33onwLk, 7401
1FRIHCRPqAY, 128376
1MlbRtGpPUE, 462149
1WCxnZ4NnyM, 1858225
1YaztKrVj2I, 46128
1g4wapw6EzM, 89243
1tWx-JrxyqQ, 63991
22AxhL7wZrI, 26823
2A0bbrjA_UM, 1158338
2ItCIx6HGHY, 120781
2JvfIOuKegE, 653698
2SwB8gYRXqw, 296853
2_i9FQS7fSE, 72177
2rQjdxQYk8Y, 99506
3CiZiks8Zuk, 405986
3Ms0iuLP5oY, 559314
3Nc350qciSA, 48122
3aJanxOLxzk, 360117
3b9XzUPdbbs, 754425
3iFijPWNuDc, 112268
3k3rA2LWjOw, 21582
3mZVAw9n1r4, 13675
3n3f63ZKzck, 132857
3nYAVOyJOYo, 133747
3vzwT5xkscM, 556895
3yAzYlxRLbI, 89001
4OeziRTGvu4, 171539
4jQaBHpgchI, 1342808
4kTpRp9EoFY, 1975605
4l9RKE0Ff88, 24948
4mwrVKZ1rK0, 1500575
4oFlyGrUdvg, 14865
50nbxWa8aE8, 68156
52GUzN1rwqY, 38947
55ngKyf9a8w, 14320
5EHcUml9Zeg, 83289
5N1EN9QIrMk, 1635386
5O7CuAZibEM, 1583241
5QDXwiXQGfQ, 377079
5dhXftQNDBE, 1550
5pgqDuUNfok, 106153
5xr7d7i9OCY, 169851
6-I4p7CwYGU, 1475583
63ULCy2Jpfc, 988140
6Gh2qAtBGGk, 3622
6QWHj98jfLI, 3039
6VobL18Bq7k, 452597
6a33tsNI-Rc, 53045
6pugObPkQew, 3611
6tcuq9yViaI, 126578
7--56I2I-W0, 23882181
70aXFUdk0d8, 2930364
71ckvbOoR4Y, 493018
7Cdu0g-DLGY, 353692
7D2K3moK608, 1146
7ItRdlMpzy0, 1735574
7M0wzH5sJgg, 8474477
7ONPopX8GMY, 32185
7VAuBAxqWBQ, 20213
7ZtF4cvgu3s, 5456803
7fwUezBOMD0, 109533
7reVFodw0rg, 578038
7xjwD6fSSSM, 121763
8-V5YILTM9M, 50329
83JfupK_13o, 41254
8G6nD4EL_bY, 65728
8LrcYL0_TCM, 9488
8MmRMpvl6Is, 29086
8PIO-udXqvM, 133465
8ZZrE4URAro, 30424
8aHzDK0DM8w, 414491
8gJjxbDlA94, 58350
8upZ_p6lONI, 158420
8xpAKe1O534, 14452
8xznOHTVWBA, 127641
97kkzvznGgI, 125394
9LhdWbxL2IU, 225602
9M80oSZ2nJg, 1010194
9MlXmoKYxiQ, 359763
9NmtYhRaC0M, 588439
9WEjWvvGW8E, 3179959
9Ymc3NjUD5k, 71573
9Z9UMOHocQE, 786775
9ZndI-f6kLs, 493600
9gCq5RQdNLM, 222811
9laygDnChCs, 105305
9mUjkBHrcVc, 54413
9qBZ2mH6hmY, 167829
9qhY3tyl_6Y, 19824
A07J0LPgyN8, 6486
A4EIU52z8-A, 37225
A8u1-kUAaSQ, 83325
ACWXbusW9BY, 571346
ACvOxEtkZC4, 19056
AGDfwSo0ewM, 39350
ALbFKN9HPY8, 35138
AN3N7Sk7oUA, 86527
ATnfHumnDsc, 146279
AUV-fsk9Zug, 3244942
AVHtVX8RfHk, 71117
AWFs2XkvALY, 1582
AWY5mKX6yGc, 50794
AXz62GDSSWw, 103203
AevDT2vSUg4, 86659
AkyT0tqvlsg, 757262
An732X5GQFs, 
AqGFxh3WdjA, 624200
AxrAyRSy8LM, 654634
B-oVwxF3BVo, 35886
B3DfKjrp0aw, 31008
B3RtWatKGyM, 230815
B8eU9Vq_nag, 1240814
BC-8uD4-ylQ, 91745
BCUJJGzumrA, 45405
BFV0bh4c0N4, 182121
BGShUWCcac4, 29910
BH8isejKjIw, 34164
BIufp7kodMw, 21919
BM59Zv8SaLM, 29010
BTKOQpmUyyc, 487540
BUSF9JpCpy8, 50293
BnGnKjiXhqg, 140131
BnQvtmdwGIc, 128915
BtM_K3uud_U, 657884
BxBfUeGYsNE, 35373
C19ax_lnl0I, 469540
C1SfWM2ifKo, 120958
C1mOCsPkOS4, 44107
CBjYt_7G3rU, 15974
CEI2GzYrjpQ, 522271
CHdmUalS0lo, 21921
CMmm03Zm1t8, 27552
CRch7lpbv_c, 7553
CZHOSggatSQ, 681296
Cae8GG2L5i0, 61543
CfSkIl36N-M, 142604
CglOGoNMH1I, 80196
CgtsgE0Q_CM, 137082
ClHTmpIIgBg, 19960
CrjaKWEsX0w, 179612
D-EN2GHDlX4, 992024
D5y8YV0ixvg, 313857
D6I3a3UVMjM, 404890
DMxJ6Cqg84s, 101609
DSGA151yPO0, 271700
DSljjX5c9xA, 195042
DVND_gCxPqE, 75291
DYSmkGS4QDY, 307427
Dmf86VmnlyE, 14253
DpV_RgFB37o, 89930
Dr-ty9f8DGM, 18988
EDmreLpjDtk, 2029804
EJWoBQAGR9U, 41090
ESrIp98oEXU, 180902
ESzZJDj1pdk, 1127732
E_X1igW3aTE, 51160
EdSoc1nhjUc, 
EfPu08aAE1E, 12909
F15GjhWryZM, 99507
F1WLO9opDkM, 33497
F3dU46fSMCw, 21307
FQPbjloT8nA, 1892133
FQrPSaZa9TI, 9658
FeipkG8KDZM, 39855
FlbU7zbNF8s, 3664
Fy60E0KqYjY, 182397
GB_Doaxx7HI, 271830
GDO1P4ujm00, 45687
GOAIuoVw8JY, 135717
GZHn6xYxu_U, 710505
GarFZp2RMHI, 482086
Gs8snRwdGqA, 166055
H0EVPqbvw6o, 679401
H0gJcLX8vVc, 80812
H1SHmeMjVMI, 64419
HAdVzNVGryQ, 606179
HBm8UQ2WoBA, 318506
HKV6h1IfXkU, 10290
HNHJLGrcY_E, 10846
HZhrt51HyY0, 104180
HavL1wPjmEg, 169966
Hd5zNY4lxgg, 5570
HdgEHhMzQ9g, 175685
HkDFsKl-5Jk, 1471129
I27FUXLxlYw, 253233
I2k_VhAqYlc, 666094
IC3j2Zc6d3w, 73958
IFz-zSgKqRs, 52269
IIKUzWxB0Co, 28262
IUAS_MRSuvc, 3916809
I_V4uwYn3c8, 98929
IsvFjM4HMRs, 1819187
J1fOVZbfz9o, 98316
J5SdPwX1uoQ, 62804
JCyrbtrTnMQ, 35532
JD5o5D3Z_mg, 81270
JH_O4Ji5hB8, 47743
JK3io_8_hYI, 37415
JMgz2dtLEak, 322575
JTfYmOwgpfY, 2635032
K0aMlloTQnQ, 46700
K5Yf206nHTE, 520250
KCKCDafVurs, 80981
KER9iODZPOY, 13040
KM61fGXahns, 2071229
KbWpHFL96G4, 34480
KlMuVO--7gk, 187308
KpBju1Khf3w, 67831
KrzV6rJH_I4, 507910
L2CwIYKlxes, 853229
L7BJS0nGEFA, 782965
L9RACeC6Z_4, 418622
LH5AFfPEq6c, 1042
LIW-GmxOsL0, 83361
LjlWfZdlY5k, 63410
LnXQgz6FE8w, 294050
M3zNFgfy0Hk, 2013289
MAG6ybU45Sc, 4609
MHIOrvwilws, 19223
MONSn8NN2l0, 2117931
MThJzle2acI, 146060
MXk37J_pgsY, 953342
MZ6iOwXz7gI, 140942
MgOHIvcGw6U, 867971
MhV-27DjydQ, 1687755
MotrVnKAfPI, 381076
Muc47RoSNq4, 136262
MyNAaHBIaYw, 170126
MzKY2Ds8c0c, 763888
NKr122AYUb4, 14549
NSAwpmzPKKE, 242130
NVHEO0uCG0A, 26434
NgGXOh8vWwg, 62790
Nwngr29ZXko, 69916
O1oFhSPOUxI, 113958
O8xkUcUJPNo, 60775
O9UiRn19iJs, 8135
OCDxo3o6UOA, 5594
OX_TWa0-FjY, 88168
OXiORY9pbfY, 986976
O_Pjx9fq910, 1996035
O_fcufO4HCc, 51957
OgBLRaIkR68, 101439
OiR1qBiCf2U, 324542
OmHZA_rcy3M, 133667
Or5mjbD28eQ, 151524
OreHaO9K3OI, 79819
OwpFx4gal-E, 34535
P98FtQFJgrA, 219276
PF-4p56XS4Y, 64025
PLigE_qCDCc, 125965
PSxdp76mIEA, 129595
PjrYeFsHaNI, 66759
Pnh3_nHGyHk, 668531
Pnw-xTK08W0, 249716
PwK9HjdTCaw, 757916
Q7HoXX1cgHc, 33302
Q7MUm5ATfXE, 1211192
QAXreL1SO6A, 2112779
QAZNS8iA0ZU, 273490
QGqXS3b8958, 298144
QJVLqMDzDjs, 100819
QRHiwRSKtRA, 493006
QXroDz31P2o, 1137480
QjIbti_L2cY, 539951
QoQVIK2DEE8, 6607
Qqw6U-LzYbU, 7798
RE8ZHxup-Ks, 470465
RMPbOE8d-vQ, 44828
RNKNK2zVhtM, 50547
Rbivd99gnyQ, 1615930
Rd-OoQIIj4I, 8167
RfW2rTLzOMk, 20491
RgrtW-fI5dM, 1115315
Rke-pLQfzwY, 18357
Rl88PbjZHrk, 11672
RnL0Z0c1EFI, 369375
RoSqUXvhSQs, 22796
Rq3Di9vuXbY, 6702
Rw021Ls5WK0, 7345
RzL3x_BhCGo, 151603
S8HFOgVCO8U, 3062
SA_bIWDBuuE, 158351
SAcdEpugdEU, 67789
SB6WeLgab2M, 15649
SF9eo4kHcko, 605
SSa84JH52_o, 239734
STjFuIL79wQ, 3708409
SZCel3g3-TU, 300985
ShZDvJvMWyk, 69332
TDoMnlFGZRI, 75445
TTo2Cp6mvWM, 23488
T_Ta5XC3BaU, 678641
TfFEQrm_Vhc, 197134
Tg7myUtA55E, 137823
Tijb_VC8YiQ, 1367275
TnxhGGXeyvc, 85213
U-i7xvkwvPU, 80474
U1Yt-uOXGQ4, 199642
U96JEvAADUQ, 22103
U977W1ICFTU, 28536
UQnMt3iHCt8, 12906
UatzJcGvWaY, 47930
UmQU6q2oPWg, 195404
UwIyZ7kGspw, 1927
V7Z_xkyPkiY, 29793
VGJp36MfTEw, 42436
VHEohiaPlWE, 311210
VJpv0mbLnco, 1684946
VM-H33gL02Q, 33103
VSwiXmiKk-Q, 83394
VT5SHZyKZ20, 4930
VU3-hIrVn-M, 80437
VZUQrPVWLA8, 2225
VmeBxGhMGiM, 159888
VoOF3jUDJcw, 59336
WGv4QcxxR7M, 23428
WQgYxhCp-sU, 24482
WSJK4tMbURo, 120258
WSg9KwvUR3U, 146060
WV3VDfEGwAA, 333917
WbItGic_v0E, 18328
WeU6XcESLJU, 22262
WpywhIwhEs4, 58346
X2Q5tA3oAus, 162038
XDz-dOoPg9Y, 4002317
XNAEjo2EBXU, 50062
XOX3grREWt8, 30990
XQeFGMKmhLQ, 83113
XYG9amGAV9g, 8067
XZfYyQTPqd4, 316704
XcNaY7TL-lQ, 37671
XfFBBr2UChQ, 194482
XoFis1aNU8A, 56384
YD9Xz2_mZNI, 550148
YJ6AC9_frJ0, 34439
YOJKu-Eokf0, 32640
YS6ojQr9Skg, 9080
YTOUKwLn_Z8, 1229749
YrAMgTKg_As, 3282
YxT_j0RgFoY, 147710
Z6a_RZZ8Wl8, 522500
ZI22BP8HpTs, 107945
ZQEto9Dt3Tw, 129017
ZTXmtwyroTA, 76667
ZUrQSz59_BI, 83325
ZVEWTrRmuS0, 140899
Z_svo5cJ9Mg, 133850
ZaP--w1ndJk, 12258
ZavMR0UzWjs, 873510
ZkBsFvjZzmU, 322412
ZoIx7FH1ufA, 32100
Zt392n-4JQo, 61190
_T22BsyQbyc, 275399
_dOtWtv6QZ0, 84186
_herP4dA4PY, 8123
_reV4bR8cHs, 38795
_rxcphWF8kU, 3547786
_sI99V7A6PU, 34453
a0PFiu8zdG4, 33671
a0nhOGw-SMs, 904315
a3uEpE-b-9Y, 848251
a8G36SjiKWg, 29215
aB1ATlOMuoc, 127365
aBpB47If5Ds, 1331645
aRVn27AWM2I, 87131
aSoTWSC3sbg, 60820
aY99lTRqBSQ, 42921
aZbFdjZZwvw, 23057
aaDoI8bTaZI, 124510
aun6Oz0Vf_k, 15900
b8pxnIaBGJ8, 94569
bZ56rBGazjM, 365150
b_bVU8hOKHQ, 171070
bhcQ05fbmMs, 3170588
bio-Mend8dQ, 98463
bk-tlE70xKo, 170867
bkLLOZkOee4, 440354
bq0HB0ON3cQ, 61089
bve91Qr4ryk, 13724
c6NawKtcc70, 275188
cI2PKw-Ky0A, 127828
cIPtoLIDzHI, 101906
cNtg5A1mqec, 27105
cSSkVWJ65bc, 49292
cV3KI5cdzOg, 147830
cWc7kvtN_48, 90289
ch_6_mgRTak, 1233662
cmI7abFb-wY, 135540
cpFk7c8GuGE, 94862
cuKagHSpk3M, 7085550
cyufv6AB6oc, 1012896
czteJGnVmDM, 93722
d11OZMLHXKo, 337056
d4RNs1zIZQ8, 381649
d_I6ZYFfVZk, 308509
df_w8yxNmUg, 61624
dtqwXBlTcOY, 26931
e3mn9vVlwZM, 9317
e6t9KTxg278, 149832
eGQmT4d6uTQ, 67549
eHK10nfnPjQ, 111952
eRxqKMFzVXM, 22117
e_hp5-zS6Bk, 1525284
ehxAUxVW5sc, 170936
f-6AemBoFKI, 117522
f2Yr8ZTMk6I, 202840
fAGh-AqZ0QU, 74295
f_xsVUHJ4rI, 29586
fgvWBRe8JlA, 601246
fj7DnCpXR0Y, 100351
fugWF0Ffs60, 90996
fxMlKR8TmMM, 161606
g1ymrMddO7g, 9633
g5Fyc6gQwiw, 524528
gC3Wr8s-rfU, 686643
gINS2tuGaks, 118797
gNDjHI7G2VY, 537069
gOViGTG9_bM, 11289
gQmwPSii4ng, 475128
gRaCuQh1l-U, 108569
gXZeCZOax8A, 424047
gZFICoVpHpw, 268933
gixX08bmSyQ, 740321
glG293gytJw, 44373
gx5tl7WNtzc, 27353
h-ENiWmx8_I, 65462
h0ma1ek4rDs, 15608
hAHhlTcCi5I, 32495
hCAnONJIAXY, 2245
hFnDmgAb6gk, 5335
hNQYAaUFdl8, 40288
hV_5A1xErTA, 145476
hXnFFNITClE, 58239
hr_4HiJEdoI, 1143068
i2zGWesJkjg, 43987
iBvLiZgUnrI, 32431
iEBj3TgBA2M, 204753
iJdwBmO3mC8, 71133
iN2ypgN2Q04, 3852
iNXE1ajul3M, 24522
iaG51UuyNpg, 28635
iaYoqT_wfaY, 446332
ifw5rxg5KzY, 1453784
ig5pOi3bf-A, 268095
ipZ0hqjDZQQ, 8507
irN62vONRFI, 3671
itTR6l1bq_8, 108575
jCuhlR-VBCQ, 115785
jH0eG4NjriU, 76330
jMi-SX63WYw, 297467
jVnBbPXseGk, 152214
jkgXYLDKm-E, 42831
jn_YFGX2nvc, 667096
jrdXaVnmeE4, 1327928
jsikZbL5xIQ, 807623
jvkwANu0M6M, 34528
k095tG7LGfE, 91963
k2nldiQmLKo, 1029352
kCYCVQYhk8M, 
kM2YUevpwOU, 472913
kXWs_9XU8MQ, 151848
kZpXF-BpX9Q, 86045
kdRxpm2hK10, 402622
krieOKjwqQw, 174899
krvJa5lhfBE, 203131
kwgZcEUIrHg, 120043
kzW1azlfSMY, 98922
l1c06MaQv-s, 23851
l4uZmR-HBVk, 767472
lOLISCtpX8k, 64474
lUNZPCNWGmI, 155859
lavHBIuQY60, 20167
lgPZVSEPSbs, 282194
li1Vbpt06nY, 7153
lkZMi4KBCSc, 29537
lmzX9wXIeoA, 342762
lofnm-B0z2M, 5608461
lyN8g-eOYNk, 73694
lzsRGLh-TRE, 139676
m2u7sMGaIZY, 57646
m7KQLfh2hT0, 742285
mMjSq3NfkTI, 53848
mNDs4WpvJIg, 103354
mPU40ktrAnk, 6766
mR6qrNFC83Y, 54350
mSWY2C-KrP4, 475502
mWmlVCXsJsQ, 4653
mZEZ6ivlCjg, 126801
m_gcUbYAZ4w, 3580224
migPX9E1GYE, 19908
mj9Ug-MAvqM, 89603
mk3SsAZ3GDM, 798
mu2BkHd91c8, 3691
mvT7ATfSvL4, 827127
mwBvp7G1eLc, 16029
mxOATd6EqU4, 234364
mxYaD5O_42M, 292456
n9b6xWDMRXs, 16671
nHEK2xDo0pY, 206383
nIA8gdRkTvM, 26148
nPjEIiVK1yM, 403801
nhIJbUfNVxI, 24762
npktDeqBnH0, 217638
ntXFyxPFt18, 550831
nxD8dPetyuA, 309993
nzyV5DPYsL0, 222499
o0ugSNXbQOs, 102284
oEmZKhslkhA, 948866
oFWT76vIWlA, 222810
oGZ4dc--pHg, 17503
oHqiZtf3ARc, 295215
oI7CoAthIvw, 17219
oM0SdBmNUeA, 501914
oM1ahsnOvdw, 508040
oU6hPMXJ7yc, 38235
oWjqdwvZ56Y, 130840
oXFD1wqCi1o, 120340
oXVMQEtYRvg, 2307711
ocIHIyNexXU, 57432
odl1U2Wqhzs, 24615
oh8xv4arqZM, 51123
ombDRZ9Jew0, 87504
omdVqIxSsCQ, 96417
oorZ-pUVLcc, 265071
osakatamiid, 
ouYKyAQZM0Q, 369192
ozou-JRIn6A, 3481059
pL8hEt24aiU, 122969
pV3mmKkaX_k, 33123
pYuszQ8cc_o, 269074
paGbAAJwbG0, 57349
pdiicDTA_co, 521132
pipaaVw7s_A, 13069
pmbUkbAarAg, 295865
pou0gK745Yc, 100440
pw3SfsvuSBU, 148175
q9lxYabpTfM, 106730
q_gxDVKJIEg, 20244
qfbqV7coV0k, 429355
qhzboTrUd2s, 82214
qmTTC41Me7A, 119135
quuQapiF4MI, 9344
r4xhWriqXq8, 112277
r6cobqqkR4o, 218616
rQx7_iFcxgE, 100962
rVdJgJCqGxM, 214950
rqgn4Atshqg, 87531
sI55Ujp1OaM, 323294
sMzrnidIe5I, 330714
sP79Fnt4ubM, 50919
sRKsUB8ziEc, 101275
sVQ8XMMFkek, 28687
sWTCnx6BotQ, 1031570
sf7oOwETgyI, 3913715
siy3XvY-eA0, 34532
soEkn1teCP0, 11990
sow45D8zSEA, 3410307
suR9aNMo23s, 55844
sygUrQonj9w, 116217
tBY3GviJeEo, 15459
t_rISpEdE90, 30263
tbDI0X3J8dA, 20384
tdPmLDiGfBo, 102857
thHVEIf-TcU, 19781
tkWeCy9YHDk, 109021
tvlJnLnhP50, 199326
u8carYDD9c8, 4331
uUH-S5pBniw, 23798
umV_oPkiSOc, 532725
uyMiRbQbN0E, 41155
uz26748hVhA, 3969405
v7OXkmY0sMQ, 109333
vB0Ovcd2sD0, 51711
vDIU6l4N1mg, 15693
vOtNzX3sYd8, 6593
vTjssp6NnLM, 58927
vVmxdPtdwxE, 166548
vfCgyW_8Goo, 1044679
vj71sLxGQ8s, 106428
vxKV8OGGcd4, 157614
w0crMCbEh2o, 51774
wHbHTBDa08c, 94779
wL9J19ONMPo, 275183
wTPsqdf1M90, 8639
wXgEFolHpko, 538825
wgbySOXEKNw, 1436307
wuBF06MgzPU, 4959
x4JX4NR7rlE, 561494
xGzIoM4Jgw4, 35342
xQbPOB88eEE, 1997744
xXgXRXTRZXI, 2145622
xcFVBtYmMFA, 148470
xoTDJv3jQ_s, 143284
xqo_y44jMI0, 12455
y7S-umNB6Y0, 557862
y8ZU6fU_gSQ, 3422206
yFrX1j30S-8, 81470
yO3A_8BJk9M, 123814
yWZXHD1YBx8, 50926
yXkJ2JIFE78, 65919
y_U84hqBG64, 59224
yodWkeAvBOU, 23549
ywJLu60IuSs, 75058
z02qi_i3GiU, 48867
zAApw-N1468, 4729340
zLBwKxx4-i0, 2068943
zNIy4K15ZWI, 98924
zUkt3lcLzTM, 29121
zVK4v-eetpY, 157670
zYee1zVZa3Q, 2578231
zad2Z11YaVk, 306581
zhVqIBwIg5s, 78425
zyApHt06poA, 579263
zzI7enrnzpE, 7882030
