0gt4VCBcEsk, r3---sn-2nj-2pue, 
0ohhUqQm9ts, r2---sn-2nj-2pue, 
2ItCIx6HGHY, r1---sn-2nj-2pue, 
4OeziRTGvu4, r2---sn-2nj-2pue, 
7Cdu0g-DLGY, r3---sn-2nj-2pue, 
7reVFodw0rg, r2---sn-2nj-2pue, 
BnQvtmdwGIc, r4---sn-2nj-2pue, 
K5Yf206nHTE, r4---sn-2nj-2pue, 
L9RACeC6Z_4, r1---sn-2nj-2pue, 
UmQU6q2oPWg, r2---sn-2nj-2pue, 
pYuszQ8cc_o, r3---sn-2nj-2pue, 
zLBwKxx4-i0, r2---sn-2nj-2pue, 
---7dY4S1_U, r1---sn-2nj-2pue, 
-j0YFqVsB_E, r3---sn-2nj-2pue, 
0awkRBW5aqU, r3---sn-2nj-2pue, 
0ohhUqQm9ts, r2---sn-2nj-2pue, 
0wmotWUm6MU, r1---sn-2nj-2pue, 
2A0bbrjA_UM, r1---sn-2nj-2pue, 
3iFijPWNuDc, r2---sn-2nj-2pue, 
3nYAVOyJOYo, r2---sn-2nj-2pue, 
3vzwT5xkscM, r1---sn-2nj-2pue, 
3yAzYlxRLbI, r3---sn-2nj-2pue, 
4OeziRTGvu4, r2---sn-2nj-2pue, 
55ngKyf9a8w, r4---sn-2nj-2pue, 
6Gh2qAtBGGk, r4---sn-2nj-2pue, 
6a3Cd_mtXvo, r2---sn-2nj-2pue, 
6tcuq9yViaI, r3---sn-2nj-2pue, 
7Cdu0g-DLGY, r3---sn-2nj-2pue, 
7reVFodw0rg, r2---sn-2nj-2pue, 
8upZ_p6lONI, r3---sn-2nj-2pue, 
8xznOHTVWBA, r1---sn-2nj-2pue, 
9LhdWbxL2IU, r4---sn-2nj-2pue, 
9WEjWvvGW8E, r3---sn-2nj-2pue, 
9gCq5RQdNLM, r2---sn-2nj-2pue, 
9mUjkBHrcVc, r4---sn-2nj-2pue, 
A07J0LPgyN8, r1---sn-2nj-2pue, 
AUV-fsk9Zug, r2---sn-2nj-2pue, 
AevDT2vSUg4, r3---sn-2nj-2pue, 
BCUJJGzumrA, r1---sn-2nj-2pue, 
BcCH6VFT5eU, r3---sn-2nj-2pue, 
BnQvtmdwGIc, r4---sn-2nj-2pue, 
D5y8YV0ixvg, r1---sn-2nj-2pue, 
EDmreLpjDtk, r2---sn-2nj-2pue, 
EH3oPUpl414, r3---sn-2nj-2pue, 
F15GjhWryZM, r2---sn-2nj-2pue, 
GDO1P4ujm00, r4---sn-2nj-2pue, 
Gs8snRwdGqA, r1---sn-2nj-2pue, 
HkDFsKl-5Jk, r4---sn-2nj-2pue, 
J1fOVZbfz9o, r3---sn-2nj-2pue, 
L9RACeC6Z_4, r1---sn-2nj-2pue, 
M3zNFgfy0Hk, r1---sn-2nj-2pue, 
MHIOrvwilws, r1---sn-2nj-2pue, 
MhV-27DjydQ, r1---sn-2nj-2pue, 
N6p9oXmPUvc, r4---sn-2nj-2pue, 
NSAwpmzPKKE, r4---sn-2nj-2pue, 
Nwngr29ZXko, r4---sn-2nj-2pue, 
PLigE_qCDCc, r2---sn-2nj-2pue, 
Prtb8RKRPBc, r3---sn-2nj-2pue, 
QXroDz31P2o, r3---sn-2nj-2pue, 
RNKNK2zVhtM, r4---sn-2nj-2pue, 
RgrtW-fI5dM, r1---sn-2nj-2pue, 
RnL0Z0c1EFI, r1---sn-2nj-2pue, 
SZCel3g3-TU, r1---sn-2nj-2pue, 
Tijb_VC8YiQ, r3---sn-2nj-2pue, 
U1Yt-uOXGQ4, r1---sn-2nj-2pue, 
UmQU6q2oPWg, r2---sn-2nj-2pue, 
VHEohiaPlWE, r2---sn-2nj-2pue, 
WV3VDfEGwAA, r4---sn-2nj-2pue, 
XNAEjo2EBXU, r4---sn-2nj-2pue, 
a0PFiu8zdG4, r2---sn-2nj-2pue, 
b8pxnIaBGJ8, r4---sn-2nj-2pue, 
cmI7abFb-wY, r1---sn-2nj-2pue, 
cuKagHSpk3M, r2---sn-2nj-2pue, 
czteJGnVmDM, r2---sn-2nj-2pue, 
e6t9KTxg278, r4---sn-2nj-2pue, 
eHK10nfnPjQ, r3---sn-2nj-2pue, 
gXZeCZOax8A, r1---sn-2nj-2pue, 
hr_4HiJEdoI, r1---sn-2nj-2pue, 
jCuhlR-VBCQ, r1---sn-2nj-2pue, 
jH0eG4NjriU, r1---sn-2nj-2pue, 
jkgXYLDKm-E, r3---sn-2nj-2pue, 
jsikZbL5xIQ, r4---sn-2nj-2pue, 
kZpXF-BpX9Q, r2---sn-2nj-2pue, 
kzW1azlfSMY, r1---sn-2nj-2pue, 
l4uZmR-HBVk, r1---sn-2nj-2pue, 
lUNZPCNWGmI, r1---sn-2nj-2pue, 
m2u7sMGaIZY, r4---sn-2nj-2pue, 
migPX9E1GYE, r2---sn-2nj-2pue, 
mvT7ATfSvL4, r2---sn-2nj-2pue, 
mwBvp7G1eLc, r4---sn-2nj-2pue, 
mxOATd6EqU4, r3---sn-2nj-2pue, 
nHEK2xDo0pY, r3---sn-2nj-2pue, 
tBY3GviJeEo, r1---sn-2nj-2pue, 
u1UjTtPtQSo, r1---sn-2nj-2pue, 
umV_oPkiSOc, r2---sn-2nj-2pue, 
vVmxdPtdwxE, r2---sn-2nj-2pue, 
vj71sLxGQ8s, r2---sn-2nj-2pue, 
wL9J19ONMPo, r2---sn-2nj-2pue, 
wXgEFolHpko, r3---sn-2nj-2pue, 
x4JX4NR7rlE, r3---sn-2nj-2pue, 
xcFVBtYmMFA, r2---sn-2nj-2pue, 
y7S-umNB6Y0, r3---sn-2nj-2pue, 
yFrX1j30S-8, r4---sn-2nj-2pue, 
yWZXHD1YBx8, r3---sn-2nj-2pue, 
yXkJ2JIFE78, r3---sn-2nj-2pue, 
y_U84hqBG64, r2---sn-2nj-2pue, 
zyApHt06poA, r3---sn-2nj-2pue, 
zzI7enrnzpE, r1---sn-2nj-2pue, 
---7dY4S1_U, r1---sn-2nj-2pue, 
--amAD-LR0I, r3---sn-2nj-2pue, 
-C85PWZ8OfI, r3---sn-2nj-2pue, 
-YjLm_Tkhkk, r3---sn-2nj-2pue, 
-j0YFqVsB_E, r3---sn-2nj-2pue, 
-tAkBS5uyZM, r2---sn-2nj-2pue, 
-w9w-b7BetU, r3---sn-2nj-2pue, 
-xZ-zVYnOm0, r2---sn-2nj-2pue, 
-z304Xzs2-c, r4---sn-2nj-2pue, 
05C47EeF8rg, r3---sn-2nj-2pue, 
0IqQjFyIK2o, r2---sn-2nj-2pue, 
0NaA_Afyodc, r2---sn-2nj-2pue, 
0awkRBW5aqU, r3---sn-2nj-2pue, 
0ohhUqQm9ts, r2---sn-2nj-2pue, 
0rEbCHa-qHk, r1---sn-2nj-2pue, 
0wmotWUm6MU, r1---sn-2nj-2pue, 
0ynLOCCNXwQ, r2---sn-2nj-2pue, 
11_W33onwLk, r3---sn-2nj-2pue, 
1FRIHCRPqAY, r3---sn-2nj-2pue, 
1MlbRtGpPUE, r3---sn-2nj-2pue, 
1WCxnZ4NnyM, r3---sn-2nj-2pue, 
1YaztKrVj2I, r1---sn-2nj-2pue, 
1g4wapw6EzM, r4---sn-2nj-2pue, 
1tWx-JrxyqQ, r1---sn-2nj-2pue, 
22AxhL7wZrI, r3---sn-2nj-2pue, 
2A0bbrjA_UM, r1---sn-2nj-2pue, 
2ItCIx6HGHY, r1---sn-2nj-2pue, 
2JvfIOuKegE, r4---sn-2nj-2pue, 
2SwB8gYRXqw, r4---sn-2nj-2pue, 
2_i9FQS7fSE, r2---sn-2nj-2pue, 
2rQjdxQYk8Y, r2---sn-2nj-2pue, 
3CiZiks8Zuk, r3---sn-2nj-2pue, 
3Ms0iuLP5oY, r4---sn-2nj-2pue, 
3Nc350qciSA, r4---sn-2nj-2pue, 
3aJanxOLxzk, r2---sn-2nj-2pue, 
3b9XzUPdbbs, r2---sn-2nj-2pue, 
3iFijPWNuDc, r2---sn-2nj-2pue, 
3k3rA2LWjOw, r3---sn-2nj-2pue, 
3mZVAw9n1r4, r1---sn-2nj-2pue, 
3n3f63ZKzck, r1---sn-2nj-2pue, 
3nYAVOyJOYo, r2---sn-2nj-2pue, 
3vzwT5xkscM, r1---sn-2nj-2pue, 
3yAzYlxRLbI, r3---sn-2nj-2pue, 
4OeziRTGvu4, r2---sn-2nj-2pue, 
4jQaBHpgchI, r3---sn-2nj-2pue, 
4kTpRp9EoFY, r4---sn-2nj-2pue, 
4oFlyGrUdvg, r2---sn-2nj-2pue, 
50nbxWa8aE8, r4---sn-2nj-2pue, 
52GUzN1rwqY, r1---sn-2nj-2pue, 
55ngKyf9a8w, r4---sn-2nj-2pue, 
5EHcUml9Zeg, r2---sn-2nj-2pue, 
5N1EN9QIrMk, r3---sn-2nj-2pue, 
5O7CuAZibEM, r4---sn-2nj-2pue, 
5QDXwiXQGfQ, r2---sn-2nj-2pue, 
5dhXftQNDBE, r2---sn-2nj-2pue, 
5pgqDuUNfok, r3---sn-2nj-2pue, 
5xr7d7i9OCY, r3---sn-2nj-2pue, 
6-I4p7CwYGU, r4---sn-2nj-2pue, 
63ULCy2Jpfc, r1---sn-2nj-2pue, 
6Gh2qAtBGGk, r4---sn-2nj-2pue, 
6a33tsNI-Rc, r4---sn-2nj-2pue, 
6pugObPkQew, r4---sn-2nj-2pue, 
6tcuq9yViaI, r3---sn-2nj-2pue, 
7--56I2I-W0, r2---sn-2nj-2pue, 
70aXFUdk0d8, r3---sn-2nj-2pue, 
71ckvbOoR4Y, r3---sn-2nj-2pue, 
7Cdu0g-DLGY, r3---sn-2nj-2pue, 
7D2K3moK608, r3---sn-2nj-2pue, 
7ItRdlMpzy0, r1---sn-2nj-2pue, 
7ONPopX8GMY, r1---sn-2nj-2pue, 
7VAuBAxqWBQ, r3---sn-2nj-2pue, 
7fwUezBOMD0, r4---sn-2nj-2pue, 
7reVFodw0rg, r2---sn-2nj-2pue, 
7xjwD6fSSSM, r2---sn-2nj-2pue, 
8-V5YILTM9M, r3---sn-2nj-2pue, 
83JfupK_13o, r4---sn-2nj-2pue, 
8G6nD4EL_bY, r4---sn-2nj-2pue, 
8LrcYL0_TCM, r4---sn-2nj-2pue, 
8MmRMpvl6Is, r2---sn-2nj-2pue, 
8PIO-udXqvM, r2---sn-2nj-2pue, 
8ZZrE4URAro, r2---sn-2nj-2pue, 
8aHzDK0DM8w, r2---sn-2nj-2pue, 
8gJjxbDlA94, r4---sn-2nj-2pue, 
8upZ_p6lONI, r3---sn-2nj-2pue, 
8xpAKe1O534, r4---sn-2nj-2pue, 
8xznOHTVWBA, r1---sn-2nj-2pue, 
97kkzvznGgI, r2---sn-2nj-2pue, 
9LhdWbxL2IU, r4---sn-2nj-2pue, 
9M80oSZ2nJg, r1---sn-2nj-2pue, 
9MlXmoKYxiQ, r2---sn-2nj-2pue, 
9NmtYhRaC0M, r4---sn-2nj-2pue, 
9WEjWvvGW8E, r3---sn-2nj-2pue, 
9Ymc3NjUD5k, r4---sn-2nj-2pue, 
9Z9UMOHocQE, r3---sn-2nj-2pue, 
9ZndI-f6kLs, r1---sn-2nj-2pue, 
9gCq5RQdNLM, r2---sn-2nj-2pue, 
9laygDnChCs, r2---sn-2nj-2pue, 
9mUjkBHrcVc, r4---sn-2nj-2pue, 
9qBZ2mH6hmY, r3---sn-2nj-2pue, 
9qhY3tyl_6Y, r3---sn-9nj-q0ne, 
A07J0LPgyN8, r1---sn-2nj-2pue, 
A4EIU52z8-A, r3---sn-2nj-2pue, 
A8u1-kUAaSQ, r1---sn-2nj-2pue, 
ACWXbusW9BY, r3---sn-2nj-2pue, 
ACvOxEtkZC4, r4---sn-2nj-2pue, 
AGDfwSo0ewM, r2---sn-2nj-2pue, 
ALbFKN9HPY8, r3---sn-2nj-2pue, 
AN3N7Sk7oUA, r1---sn-2nj-2pue, 
ATnfHumnDsc, r4---sn-2nj-2pue, 
AUV-fsk9Zug, r2---sn-2nj-2pue, 
AVHtVX8RfHk, r3---sn-2nj-2pue, 
AWFs2XkvALY, r4---sn-2nj-2pue, 
AWY5mKX6yGc, r1---sn-9nj-4g5e, 
AXz62GDSSWw, r2---sn-2nj-2pue, 
AevDT2vSUg4, r3---sn-2nj-2pue, 
AkyT0tqvlsg, r4---sn-2nj-2pue, 
AqGFxh3WdjA, r1---sn-2nj-2pue, 
AxrAyRSy8LM, r4---sn-2nj-2pue, 
B-oVwxF3BVo, r4---sn-2nj-2pue, 
B3DfKjrp0aw, r4---sn-2nj-2pue, 
B3RtWatKGyM, r3---sn-2nj-2pue, 
B8eU9Vq_nag, r4---sn-2nj-2pue, 
BC-8uD4-ylQ, r3---sn-2nj-2pue, 
BCUJJGzumrA, r1---sn-2nj-2pue, 
BFV0bh4c0N4, r1---sn-2nj-2pue, 
BGShUWCcac4, r1---sn-2nj-2pue, 
BH8isejKjIw, r4---sn-2nj-2pue, 
BIufp7kodMw, r2---sn-2nj-2pue, 
BM59Zv8SaLM, r3---sn-2nj-2pue, 
BTKOQpmUyyc, r3---sn-2nj-2pue, 
BUSF9JpCpy8, r1---sn-2nj-2pue, 
BnGnKjiXhqg, r3---sn-2nj-2pue, 
BnQvtmdwGIc, r4---sn-2nj-2pue, 
BtM_K3uud_U, r3---sn-2nj-2pue, 
BxBfUeGYsNE, r4---sn-2nj-2pue, 
C19ax_lnl0I, r4---sn-2nj-2pue, 
C1SfWM2ifKo, r1---sn-2nj-2pue, 
C1mOCsPkOS4, r2---sn-2nj-2pue, 
CBjYt_7G3rU, r3---sn-2nj-2pue, 
CEI2GzYrjpQ, r1---sn-2nj-2pue, 
CHdmUalS0lo, r2---sn-2nj-2pue, 
CMmm03Zm1t8, r2---sn-2nj-2pue, 
CRch7lpbv_c, r2---sn-2nj-2pue, 
CZHOSggatSQ, r1---sn-2nj-2pue, 
Cae8GG2L5i0, r3---sn-2nj-2pue, 
CfSkIl36N-M, r4---sn-2nj-2pue, 
CglOGoNMH1I, r3---sn-2nj-2pue, 
CgtsgE0Q_CM, r4---sn-2nj-2pue, 
ClHTmpIIgBg, r2---sn-2nj-2pue, 
CrjaKWEsX0w, r4---sn-2nj-2pue, 
D-EN2GHDlX4, r2---sn-2nj-2pue, 
D5y8YV0ixvg, r1---sn-2nj-2pue, 
D6I3a3UVMjM, r3---sn-2nj-2pue, 
DMxJ6Cqg84s, r2---sn-2nj-2pue, 
DSGA151yPO0, r1---sn-2nj-2pue, 
DSljjX5c9xA, r1---sn-2nj-2pue, 
DVND_gCxPqE, r1---sn-2nj-2pue, 
DYSmkGS4QDY, r2---sn-2nj-2pue, 
Dmf86VmnlyE, r2---sn-2nj-2pue, 
DpV_RgFB37o, r3---sn-2nj-2pue, 
Dr-ty9f8DGM, r2---sn-2nj-2pue, 
EDmreLpjDtk, r2---sn-2nj-2pue, 
EJWoBQAGR9U, r1---sn-2nj-2pue, 
ESzZJDj1pdk, r2---sn-2nj-2pue, 
E_X1igW3aTE, r4---sn-2nj-2pue, 
EdSoc1nhjUc, r2---sn-2nj-2pue, 
EfPu08aAE1E, r4---sn-2nj-2pue, 
F15GjhWryZM, r2---sn-2nj-2pue, 
F1WLO9opDkM, r2---sn-2nj-2pue, 
F3dU46fSMCw, r3---sn-2nj-2pue, 
FQPbjloT8nA, r3---sn-2nj-2pue, 
FQrPSaZa9TI, r3---sn-2nj-2pue, 
FeipkG8KDZM, r3---sn-2nj-2pue, 
FlbU7zbNF8s, r4---sn-2nj-2pue, 
Fy60E0KqYjY, r1---sn-2nj-2pue, 
GDO1P4ujm00, r4---sn-2nj-2pue, 
GOAIuoVw8JY, r2---sn-2nj-2pue, 
GZHn6xYxu_U, r2---sn-2nj-2pue, 
GarFZp2RMHI, r4---sn-2nj-2pue, 
Gs8snRwdGqA, r1---sn-2nj-2pue, 
H0EVPqbvw6o, r1---sn-2nj-2pue, 
H0gJcLX8vVc, r4---sn-2nj-2pue, 
H1SHmeMjVMI, r3---sn-2nj-2pue, 
HAdVzNVGryQ, r4---sn-2nj-2pue, 
HBm8UQ2WoBA, r4---sn-2nj-2pue, 
HKV6h1IfXkU, r1---sn-2nj-2pue, 
HNHJLGrcY_E, r2---sn-2nj-2pue, 
HZhrt51HyY0, r1---sn-2nj-2pue, 
HavL1wPjmEg, r4---sn-2nj-2pue, 
Hd5zNY4lxgg, r1---sn-2nj-2pue, 
HdgEHhMzQ9g, r4---sn-2nj-2pue, 
HkDFsKl-5Jk, r4---sn-2nj-2pue, 
I27FUXLxlYw, r4---sn-2nj-2pue, 
I2k_VhAqYlc, r3---sn-2nj-2pue, 
IC3j2Zc6d3w, r4---sn-2nj-2pue, 
IFz-zSgKqRs, r2---sn-9nj-4g5e, 
IIKUzWxB0Co, r4---sn-2nj-2pue, 
IUAS_MRSuvc, r3---sn-2nj-2pue, 
I_V4uwYn3c8, r4---sn-2nj-2pue, 
IsvFjM4HMRs, r4---sn-2nj-2pue, 
J1fOVZbfz9o, r3---sn-2nj-2pue, 
J5SdPwX1uoQ, r1---sn-2nj-2pue, 
JCyrbtrTnMQ, r2---sn-2nj-2pue, 
JD5o5D3Z_mg, r2---sn-2nj-2pue, 
JH_O4Ji5hB8, r3---sn-2nj-2pue, 
JK3io_8_hYI, r1---sn-2nj-2pue, 
JMgz2dtLEak, r3---sn-2nj-2pue, 
JTfYmOwgpfY, r1---sn-2nj-2pue, 
K0aMlloTQnQ, r2---sn-2nj-2pue, 
K5Yf206nHTE, r4---sn-2nj-2pue, 
KCKCDafVurs, r4---sn-2nj-2pue, 
KER9iODZPOY, r3---sn-2nj-2pue, 
KbWpHFL96G4, r1---sn-2nj-2pue, 
KlMuVO--7gk, r2---sn-2nj-2pue, 
KpBju1Khf3w, r3---sn-2nj-2pue, 
KrzV6rJH_I4, r3---sn-2nj-2pue, 
L2CwIYKlxes, r1---sn-2nj-2pue, 
L7BJS0nGEFA, r3---sn-2nj-2pue, 
LH5AFfPEq6c, r1---sn-2nj-2pue, 
LIW-GmxOsL0, r1---sn-2nj-2pue, 
LjlWfZdlY5k, r3---sn-2nj-2pue, 
LnXQgz6FE8w, r3---sn-2nj-2pue, 
M3zNFgfy0Hk, r1---sn-2nj-2pue, 
MAG6ybU45Sc, r2---sn-2nj-2pue, 
MHIOrvwilws, r1---sn-2nj-2pue, 
MONSn8NN2l0, r2---sn-2nj-2pue, 
MThJzle2acI, r2---sn-2nj-2pue, 
MXk37J_pgsY, r2---sn-2nj-2pue, 
MZ6iOwXz7gI, r1---sn-2nj-2pue, 
MgOHIvcGw6U, r4---sn-2nj-2pue, 
MhV-27DjydQ, r1---sn-2nj-2pue, 
MotrVnKAfPI, r4---sn-2nj-2pue, 
Muc47RoSNq4, r4---sn-2nj-2pue, 
MyNAaHBIaYw, r4---sn-2nj-2pue, 
MzKY2Ds8c0c, r2---sn-2nj-2pue, 
NKr122AYUb4, r4---sn-2nj-2pue, 
NSAwpmzPKKE, r4---sn-2nj-2pue, 
NVHEO0uCG0A, r4---sn-2nj-2pue, 
NgGXOh8vWwg, r3---sn-2nj-2pue, 
Nwngr29ZXko, r4---sn-2nj-2pue, 
O1oFhSPOUxI, r1---sn-2nj-2pue, 
O8xkUcUJPNo, r1---sn-2nj-2pue, 
O9UiRn19iJs, r2---sn-2nj-2pue, 
OCDxo3o6UOA, r1---sn-9nj-4g5e, 
OX_TWa0-FjY, r1---sn-2nj-2pue, 
OXiORY9pbfY, r3---sn-2nj-2pue, 
O_Pjx9fq910, r4---sn-2nj-2pue, 
O_fcufO4HCc, r1---sn-2nj-2pue, 
OgBLRaIkR68, r4---sn-2nj-2pue, 
OiR1qBiCf2U, r1---sn-2nj-2pue, 
OmHZA_rcy3M, r1---sn-2nj-2pue, 
Or5mjbD28eQ, r3---sn-2nj-2pue, 
OreHaO9K3OI, r1---sn-2nj-2pue, 
OwpFx4gal-E, r3---sn-2nj-2pue, 
P98FtQFJgrA, r3---sn-2nj-2pue, 
PF-4p56XS4Y, r2---sn-2nj-2pue, 
PLigE_qCDCc, r2---sn-2nj-2pue, 
PSxdp76mIEA, r2---sn-2nj-2pue, 
PjrYeFsHaNI, r1---sn-2nj-2pue, 
Pnh3_nHGyHk, r4---sn-2nj-2pue, 
Pnw-xTK08W0, r3---sn-2nj-2pue, 
PwK9HjdTCaw, r4---sn-2nj-2pue, 
Q7HoXX1cgHc, r1---sn-2nj-2pue, 
Q7MUm5ATfXE, r4---sn-2nj-2pue, 
QAXreL1SO6A, r3---sn-2nj-2pue, 
QAZNS8iA0ZU, r2---sn-2nj-2pue, 
QGqXS3b8958, r2---sn-2nj-2pue, 
QJVLqMDzDjs, r1---sn-2nj-2pue, 
QRHiwRSKtRA, r3---sn-2nj-2pue, 
QXroDz31P2o, r3---sn-2nj-2pue, 
QjIbti_L2cY, r2---sn-2nj-2pue, 
QoQVIK2DEE8, r4---sn-2nj-2pue, 
Qqw6U-LzYbU, r1---sn-2nj-2pue, 
RE8ZHxup-Ks, r2---sn-2nj-2pue, 
RMPbOE8d-vQ, r1---sn-2nj-2pue, 
RNKNK2zVhtM, r4---sn-2nj-2pue, 
Rd-OoQIIj4I, r2---sn-2nj-2pue, 
RfW2rTLzOMk, r1---sn-2nj-2pue, 
RgrtW-fI5dM, r1---sn-2nj-2pue, 
Rke-pLQfzwY, r4---sn-2nj-2pue, 
Rl88PbjZHrk, r4---sn-2nj-2pue, 
RnL0Z0c1EFI, r1---sn-2nj-2pue, 
RoSqUXvhSQs, r1---sn-2nj-2pue, 
Rq3Di9vuXbY, r3---sn-2nj-2pue, 
Rw021Ls5WK0, r1---sn-2nj-2pue, 
RzL3x_BhCGo, r2---sn-2nj-2pue, 
S8HFOgVCO8U, r4---sn-2nj-2pue, 
SA_bIWDBuuE, r2---sn-2nj-2pue, 
SAcdEpugdEU, r3---sn-2nj-2pue, 
SB6WeLgab2M, r1---sn-2nj-2pue, 
SF9eo4kHcko, r4---sn-2nj-2pue, 
SSa84JH52_o, r1---sn-2nj-2pue, 
STjFuIL79wQ, r2---sn-2nj-2pue, 
SZCel3g3-TU, r1---sn-2nj-2pue, 
ShZDvJvMWyk, r1---sn-2nj-2pue, 
TDoMnlFGZRI, r1---sn-2nj-2pue, 
TTo2Cp6mvWM, r3---sn-2nj-2pue, 
T_Ta5XC3BaU, r3---sn-2nj-2pue, 
TfFEQrm_Vhc, r4---sn-2nj-2pue, 
Tg7myUtA55E, r2---sn-2nj-2pue, 
Tijb_VC8YiQ, r3---sn-2nj-2pue, 
TnxhGGXeyvc, r3---sn-2nj-2pue, 
U-i7xvkwvPU, r3---sn-2nj-2pue, 
U1Yt-uOXGQ4, r1---sn-2nj-2pue, 
U96JEvAADUQ, r4---sn-2nj-2pue, 
U977W1ICFTU, r3---sn-2nj-2pue, 
UQnMt3iHCt8, r4---sn-2nj-2pue, 
UatzJcGvWaY, r4---sn-2nj-2pue, 
UmQU6q2oPWg, r2---sn-2nj-2pue, 
UwIyZ7kGspw, r3---sn-2nj-2pue, 
V7Z_xkyPkiY, r3---sn-2nj-2pue, 
VGJp36MfTEw, r1---sn-2nj-2pue, 
VJpv0mbLnco, r1---sn-2nj-2pue, 
VM-H33gL02Q, r2---sn-2nj-2pue, 
VSwiXmiKk-Q, r4---sn-2nj-2pue, 
VT5SHZyKZ20, r1---sn-2nj-2pue, 
VU3-hIrVn-M, r2---sn-2nj-2pue, 
VmeBxGhMGiM, r3---sn-2nj-2pue, 
VoOF3jUDJcw, r2---sn-2nj-2pue, 
WGv4QcxxR7M, r3---sn-2nj-2pue, 
WQgYxhCp-sU, r2---sn-9nj-4g5e, 
WSJK4tMbURo, r2---sn-2nj-2pue, 
WV3VDfEGwAA, r4---sn-2nj-2pue, 
WbItGic_v0E, r3---sn-2nj-2pue, 
WeU6XcESLJU, r2---sn-2nj-2pue, 
WpywhIwhEs4, r4---sn-2nj-2pue, 
X2Q5tA3oAus, r3---sn-2nj-2pue, 
XDz-dOoPg9Y, r1---sn-2nj-2pue, 
XNAEjo2EBXU, r4---sn-2nj-2pue, 
XOX3grREWt8, r4---sn-2nj-2pue, 
XQeFGMKmhLQ, r4---sn-2nj-2pue, 
XYG9amGAV9g, r1---sn-2nj-2pue, 
XZfYyQTPqd4, r3---sn-2nj-2pue, 
XcNaY7TL-lQ, r1---sn-2nj-2pue, 
XfFBBr2UChQ, r1---sn-2nj-2pue, 
XoFis1aNU8A, r3---sn-2nj-2pue, 
YD9Xz2_mZNI, r1---sn-2nj-2pue, 
YJ6AC9_frJ0, r1---sn-2nj-2pue, 
YOJKu-Eokf0, r3---sn-2nj-2pue, 
YS6ojQr9Skg, r4---sn-2nj-2pue, 
YTOUKwLn_Z8, r3---sn-2nj-2pue, 
YrAMgTKg_As, r1---sn-2nj-2pue, 
YxT_j0RgFoY, r2---sn-2nj-2pue, 
Z6a_RZZ8Wl8, r2---sn-2nj-2pue, 
ZI22BP8HpTs, r1---sn-2nj-2pue, 
ZQEto9Dt3Tw, r1---sn-2nj-2pue, 
ZTXmtwyroTA, r3---sn-2nj-2pue, 
ZUrQSz59_BI, r2---sn-2nj-2pue, 
ZVEWTrRmuS0, r1---sn-2nj-2pue, 
Z_svo5cJ9Mg, r2---sn-2nj-2pue, 
ZaP--w1ndJk, r1---sn-2nj-2pue, 
ZkBsFvjZzmU, r2---sn-2nj-2pue, 
ZoIx7FH1ufA, r4---sn-2nj-2pue, 
Zt392n-4JQo, r4---sn-2nj-2pue, 
_T22BsyQbyc, r2---sn-2nj-2pue, 
_dOtWtv6QZ0, r1---sn-2nj-2pue, 
_herP4dA4PY, r3---sn-2nj-2pue, 
_reV4bR8cHs, r4---sn-2nj-2pue, 
_rxcphWF8kU, r4---sn-2nj-2pue, 
_sI99V7A6PU, r1---sn-2nj-2pue, 
a0PFiu8zdG4, r2---sn-2nj-2pue, 
a0nhOGw-SMs, r2---sn-2nj-2pue, 
a3uEpE-b-9Y, r2---sn-2nj-2pue, 
a8G36SjiKWg, r1---sn-2nj-2pue, 
aB1ATlOMuoc, r1---sn-2nj-2pue, 
aBpB47If5Ds, r3---sn-2nj-2pue, 
aRVn27AWM2I, r1---sn-2nj-2pue, 
aSoTWSC3sbg, r4---sn-2nj-2pue, 
aY99lTRqBSQ, r3---sn-2nj-2pue, 
aZbFdjZZwvw, r4---sn-2nj-2pue, 
aaDoI8bTaZI, r1---sn-2nj-2pue, 
aun6Oz0Vf_k, r3---sn-2nj-2pue, 
b8pxnIaBGJ8, r4---sn-2nj-2pue, 
bZ56rBGazjM, r2---sn-2nj-2pue, 
b_bVU8hOKHQ, r4---sn-2nj-2pue, 
bhcQ05fbmMs, r1---sn-2nj-2pue, 
bio-Mend8dQ, r3---sn-2nj-2pue, 
bk-tlE70xKo, r2---sn-2nj-2pue, 
bkLLOZkOee4, r4---sn-2nj-2pue, 
bq0HB0ON3cQ, r2---sn-2nj-2pue, 
bve91Qr4ryk, r3---sn-2nj-2pue, 
c6NawKtcc70, r1---sn-2nj-2pue, 
cI2PKw-Ky0A, r4---sn-2nj-2pue, 
cIPtoLIDzHI, r4---sn-2nj-2pue, 
cNtg5A1mqec, r1---sn-2nj-2pue, 
cSSkVWJ65bc, r1---sn-2nj-2pue, 
cV3KI5cdzOg, r3---sn-2nj-2pue, 
cWc7kvtN_48, r4---sn-2nj-2pue, 
ch_6_mgRTak, r3---sn-2nj-2pue, 
cmI7abFb-wY, r1---sn-2nj-2pue, 
cpFk7c8GuGE, r2---sn-2nj-2pue, 
cuKagHSpk3M, r2---sn-2nj-2pue, 
cyufv6AB6oc, r3---sn-2nj-2pue, 
czteJGnVmDM, r2---sn-2nj-2pue, 
d11OZMLHXKo, r2---sn-2nj-2pue, 
d4RNs1zIZQ8, r3---sn-2nj-2pue, 
d_I6ZYFfVZk, r2---sn-2nj-2pue, 
df_w8yxNmUg, r4---sn-2nj-2pue, 
dtqwXBlTcOY, r2---sn-2nj-2pue, 
e3mn9vVlwZM, r1---sn-2nj-2pue, 
e6t9KTxg278, r4---sn-2nj-2pue, 
eGQmT4d6uTQ, r4---sn-2nj-2pue, 
eHK10nfnPjQ, r3---sn-2nj-2pue, 
eRxqKMFzVXM, r2---sn-2nj-2pue, 
e_hp5-zS6Bk, r1---sn-2nj-2pue, 
ehxAUxVW5sc, r3---sn-2nj-2pue, 
f-6AemBoFKI, r4---sn-2nj-2pue, 
f2Yr8ZTMk6I, r1---sn-2nj-2pue, 
fAGh-AqZ0QU, r2---sn-2nj-2pue, 
f_xsVUHJ4rI, r2---sn-2nj-2pue, 
fgvWBRe8JlA, r4---sn-2nj-2pue, 
fj7DnCpXR0Y, r3---sn-2nj-2pue, 
fugWF0Ffs60, r2---sn-2nj-2pue, 
g1ymrMddO7g, r3---sn-2nj-2pue, 
g5Fyc6gQwiw, r2---sn-2nj-2pue, 
gC3Wr8s-rfU, r3---sn-2nj-2pue, 
gINS2tuGaks, r4---sn-2nj-2pue, 
gNDjHI7G2VY, r3---sn-2nj-2pue, 
gOViGTG9_bM, r2---sn-2nj-2pue, 
gQmwPSii4ng, r1---sn-2nj-2pue, 
gRaCuQh1l-U, r3---sn-2nj-2pue, 
gXZeCZOax8A, r1---sn-2nj-2pue, 
gZFICoVpHpw, r1---sn-2nj-2pue, 
gixX08bmSyQ, r1---sn-2nj-2pue, 
glG293gytJw, r1---sn-2nj-2pue, 
gx5tl7WNtzc, r2---sn-2nj-2pue, 
h-ENiWmx8_I, r1---sn-2nj-2pue, 
h0ma1ek4rDs, r4---sn-2nj-2pue, 
hAHhlTcCi5I, r2---sn-2nj-2pue, 
hCAnONJIAXY, r1---sn-2nj-2pue, 
hFnDmgAb6gk, r3---sn-2nj-2pue, 
hNQYAaUFdl8, r4---sn-2nj-2pue, 
hV_5A1xErTA, r1---sn-2nj-2pue, 
hXnFFNITClE, r1---sn-2nj-2pue, 
hr_4HiJEdoI, r1---sn-2nj-2pue, 
i2zGWesJkjg, r3---sn-2nj-2pue, 
iBvLiZgUnrI, r4---sn-2nj-2pue, 
iEBj3TgBA2M, r1---sn-2nj-2pue, 
iJdwBmO3mC8, r1---sn-2nj-2pue, 
iN2ypgN2Q04, r3---sn-2nj-2pue, 
iNXE1ajul3M, r1---sn-2nj-2pue, 
iaG51UuyNpg, r3---sn-2nj-2pue, 
iaYoqT_wfaY, r4---sn-2nj-2pue, 
ifw5rxg5KzY, r2---sn-2nj-2pue, 
ig5pOi3bf-A, r1---sn-2nj-2pue, 
ipZ0hqjDZQQ, r2---sn-2nj-2pue, 
irN62vONRFI, r2---sn-2nj-2pue, 
itTR6l1bq_8, r4---sn-2nj-2pue, 
jCuhlR-VBCQ, r1---sn-2nj-2pue, 
jH0eG4NjriU, r1---sn-2nj-2pue, 
jMi-SX63WYw, r3---sn-2nj-2pue, 
jVnBbPXseGk, r1---sn-2nj-2pue, 
jkgXYLDKm-E, r3---sn-2nj-2pue, 
jn_YFGX2nvc, r2---sn-2nj-2pue, 
jrdXaVnmeE4, r3---sn-2nj-2pue, 
jsikZbL5xIQ, r4---sn-2nj-2pue, 
jvkwANu0M6M, r4---sn-2nj-2pue, 
k095tG7LGfE, r1---sn-2nj-2pue, 
k2nldiQmLKo, r3---sn-2nj-2pue, 
kCYCVQYhk8M, r1---sn-2nj-2pue, 
kM2YUevpwOU, r4---sn-2nj-2pue, 
kXWs_9XU8MQ, r2---sn-2nj-2pue, 
kZpXF-BpX9Q, r2---sn-2nj-2pue, 
kdRxpm2hK10, r1---sn-2nj-2pue, 
krieOKjwqQw, r3---sn-2nj-2pue, 
krvJa5lhfBE, r3---sn-2nj-2pue, 
kwgZcEUIrHg, r3---sn-2nj-2pue, 
kzW1azlfSMY, r1---sn-2nj-2pue, 
l1c06MaQv-s, r4---sn-2nj-2pue, 
l4uZmR-HBVk, r1---sn-2nj-2pue, 
lOLISCtpX8k, r3---sn-2nj-2pue, 
lUNZPCNWGmI, r1---sn-2nj-2pue, 
lgPZVSEPSbs, r2---sn-2nj-2pue, 
li1Vbpt06nY, r4---sn-2nj-2pue, 
lkZMi4KBCSc, r1---sn-2nj-2pue, 
lmzX9wXIeoA, r4---sn-2nj-2pue, 
lofnm-B0z2M, r1---sn-2nj-2pue, 
lyN8g-eOYNk, r3---sn-2nj-2pue, 
lzsRGLh-TRE, r3---sn-2nj-2pue, 
m2u7sMGaIZY, r4---sn-2nj-2pue, 
m7KQLfh2hT0, r4---sn-2nj-2pue, 
mMjSq3NfkTI, r3---sn-2nj-2pue, 
mNDs4WpvJIg, r4---sn-2nj-2pue, 
mPU40ktrAnk, r4---sn-2nj-2pue, 
mR6qrNFC83Y, r3---sn-2nj-2pue, 
mSWY2C-KrP4, r4---sn-2nj-2pue, 
mWmlVCXsJsQ, r2---sn-2nj-2pue, 
mZEZ6ivlCjg, r4---sn-2nj-2pue, 
m_gcUbYAZ4w, r1---sn-2nj-2pue, 
migPX9E1GYE, r2---sn-2nj-2pue, 
mj9Ug-MAvqM, r2---sn-2nj-2pue, 
mk3SsAZ3GDM, r4---sn-2nj-2pue, 
mu2BkHd91c8, r2---sn-2nj-2pue, 
mvT7ATfSvL4, r2---sn-2nj-2pue, 
mxOATd6EqU4, r3---sn-2nj-2pue, 
mxYaD5O_42M, r1---sn-2nj-2pue, 
n9b6xWDMRXs, r2---sn-2nj-2pue, 
nHEK2xDo0pY, r3---sn-2nj-2pue, 
nIA8gdRkTvM, r3---sn-2nj-2pue, 
nPjEIiVK1yM, r4---sn-2nj-2pue, 
nhIJbUfNVxI, r1---sn-2nj-2pue, 
npktDeqBnH0, r4---sn-2nj-2pue, 
ntXFyxPFt18, r3---sn-2nj-2pue, 
nxD8dPetyuA, r3---sn-2nj-2pue, 
nzyV5DPYsL0, r3---sn-2nj-2pue, 
o0ugSNXbQOs, r4---sn-2nj-2pue, 
oEmZKhslkhA, r2---sn-2nj-2pue, 
oFWT76vIWlA, r3---sn-2nj-2pue, 
oGZ4dc--pHg, r4---sn-2nj-2pue, 
oHqiZtf3ARc, r4---sn-2nj-2pue, 
oI7CoAthIvw, r3---sn-2nj-2pue, 
oM0SdBmNUeA, r1---sn-2nj-2pue, 
oM1ahsnOvdw, r2---sn-2nj-2pue, 
oU6hPMXJ7yc, r2---sn-2nj-2pue, 
oWjqdwvZ56Y, r2---sn-2nj-2pue, 
oXFD1wqCi1o, r3---sn-2nj-2pue, 
oXVMQEtYRvg, r1---sn-2nj-2pue, 
ocIHIyNexXU, r1---sn-2nj-2pue, 
odl1U2Wqhzs, r3---sn-2nj-2pue, 
ombDRZ9Jew0, r3---sn-2nj-2pue, 
omdVqIxSsCQ, r1---sn-2nj-2pue, 
oorZ-pUVLcc, r3---sn-2nj-2pue, 
ouYKyAQZM0Q, r1---sn-2nj-2pue, 
pL8hEt24aiU, r4---sn-2nj-2pue, 
pV3mmKkaX_k, r1---sn-2nj-2pue, 
pYuszQ8cc_o, r3---sn-2nj-2pue, 
paGbAAJwbG0, r1---sn-2nj-2pue, 
pdiicDTA_co, r3---sn-2nj-2pue, 
pipaaVw7s_A, r2---sn-2nj-2pue, 
pmbUkbAarAg, r1---sn-2nj-2pue, 
pou0gK745Yc, r4---sn-2nj-2pue, 
pw3SfsvuSBU, r4---sn-2nj-2pue, 
q9lxYabpTfM, r1---sn-2nj-2pue, 
q_gxDVKJIEg, r2---sn-2nj-2pue, 
qfbqV7coV0k, r2---sn-2nj-2pue, 
qhzboTrUd2s, r2---sn-2nj-2pue, 
quuQapiF4MI, r2---sn-2nj-2pue, 
r4xhWriqXq8, r4---sn-2nj-2pue, 
r6cobqqkR4o, r4---sn-2nj-2pue, 
rQx7_iFcxgE, r2---sn-2nj-2pue, 
rVdJgJCqGxM, r2---sn-2nj-2pue, 
rqgn4Atshqg, r4---sn-2nj-2pue, 
sI55Ujp1OaM, r4---sn-2nj-2pue, 
sMzrnidIe5I, r4---sn-2nj-2pue, 
sP79Fnt4ubM, r4---sn-2nj-2pue, 
sRKsUB8ziEc, r3---sn-2nj-2pue, 
sVQ8XMMFkek, r1---sn-2nj-2pue, 
sWTCnx6BotQ, r3---sn-2nj-2pue, 
siy3XvY-eA0, r4---sn-2nj-2pue, 
soEkn1teCP0, r1---sn-2nj-2pue, 
sow45D8zSEA, r2---sn-2nj-2pue, 
suR9aNMo23s, r2---sn-2nj-2pue, 
sygUrQonj9w, r4---sn-2nj-2pue, 
tBY3GviJeEo, r1---sn-2nj-2pue, 
t_rISpEdE90, r3---sn-2nj-2pue, 
tbDI0X3J8dA, r3---sn-2nj-2pue, 
tdPmLDiGfBo, r3---sn-2nj-2pue, 
thHVEIf-TcU, r3---sn-2nj-2pue, 
tkWeCy9YHDk, r4---sn-2nj-2pue, 
tvlJnLnhP50, r4---sn-2nj-2pue, 
u8carYDD9c8, r4---sn-2nj-2pue, 
uUH-S5pBniw, r3---sn-2nj-2pue, 
umV_oPkiSOc, r2---sn-2nj-2pue, 
uyMiRbQbN0E, r3---sn-2nj-2pue, 
uz26748hVhA, r2---sn-2nj-2pue, 
v7OXkmY0sMQ, r3---sn-2nj-2pue, 
vB0Ovcd2sD0, r4---sn-2nj-2pue, 
vDIU6l4N1mg, r1---sn-2nj-2pue, 
vOtNzX3sYd8, r2---sn-2nj-2pue, 
vTjssp6NnLM, r4---sn-2nj-2pue, 
vVmxdPtdwxE, r2---sn-2nj-2pue, 
vfCgyW_8Goo, r3---sn-2nj-2pue, 
vj71sLxGQ8s, r2---sn-2nj-2pue, 
vxKV8OGGcd4, r2---sn-2nj-2pue, 
w0crMCbEh2o, r3---sn-2nj-2pue, 
wHbHTBDa08c, r2---sn-2nj-2pue, 
wL9J19ONMPo, r2---sn-2nj-2pue, 
wTPsqdf1M90, r1---sn-2nj-2pue, 
wXgEFolHpko, r3---sn-2nj-2pue, 
wgbySOXEKNw, r1---sn-2nj-2pue, 
wuBF06MgzPU, r1---sn-2nj-2pue, 
x4JX4NR7rlE, r3---sn-2nj-2pue, 
xGzIoM4Jgw4, r2---sn-2nj-2pue, 
xQbPOB88eEE, r2---sn-2nj-2pue, 
xXgXRXTRZXI, r3---sn-2nj-2pue, 
xcFVBtYmMFA, r2---sn-2nj-2pue, 
xoTDJv3jQ_s, r3---sn-2nj-2pue, 
xqo_y44jMI0, r1---sn-2nj-2pue, 
y7S-umNB6Y0, r3---sn-2nj-2pue, 
y8ZU6fU_gSQ, r1---sn-2nj-2pue, 
yFrX1j30S-8, r4---sn-2nj-2pue, 
yO3A_8BJk9M, r4---sn-2nj-2pue, 
yXkJ2JIFE78, r3---sn-2nj-2pue, 
y_U84hqBG64, r2---sn-2nj-2pue, 
yodWkeAvBOU, r2---sn-2nj-2pue, 
ywJLu60IuSs, r4---sn-2nj-2pue, 
z02qi_i3GiU, r1---sn-2nj-2pue, 
zAApw-N1468, r4---sn-2nj-2pue, 
zLBwKxx4-i0, r2---sn-2nj-2pue, 
zNIy4K15ZWI, r1---sn-2nj-2pue, 
zUkt3lcLzTM, r3---sn-2nj-2pue, 
zVK4v-eetpY, r3---sn-2nj-2pue, 
zYee1zVZa3Q, r3---sn-2nj-2pue, 
zad2Z11YaVk, r4---sn-2nj-2pue, 
zhVqIBwIg5s, r1---sn-2nj-2pue, 
zyApHt06poA, r3---sn-2nj-2pue, 
zzI7enrnzpE, r1---sn-2nj-2pue, 
