---7dY4S1_U, r1---sn-v2uph0n-apne, 
--Mqe6iYyYU, r4---sn-v2uph0n-apne, 
--ZhXAeEXEs, r3---sn-v2uph0n-apne, 
--bX3HgPfsE, r2---sn-v2uph0n-apne, 
-06XXPDZdNo, r2---sn-v2uph0n-apne, 
-0CnmEBR12E, r1---sn-v2uph0n-apne, 
-0ELPTGwzq4, r2---sn-v2uph0n-apne, 
-0fxFyTefQk, r2---sn-v2uph0n-apne, 
-0rcM3td5_4, r2---sn-v2uph0n-apne, 
-1G_idIvWgI, r2---sn-v2uph0n-apne, 
-27g-SF6aLw, r1---sn-v2uph0n-apne, 
-2U0Ivkn2Ds, r3---sn-v2uph0n-apne, 
-2bqfDrtd6M, r3---sn-v2uph0n-apne, 
-2l05y8E4m8, r1---sn-v2uph0n-apne, 
-2nUOxZUwZw, r2---sn-v2uph0n-apne, 
-2o6MSFNcfc, r1---sn-v2uph0n-apne, 
-2rYE5CBCU0, r1---sn-v2uph0n-apne, 
-2sipQ4M2rA, r3---sn-v2uph0n-apne, 
-33Itj0eplk, r2---sn-v2uph0n-apne, 
-3w1dpCJ3pQ, r3---sn-v2uph0n-apne, 
-5Ju_Ele1rM, r3---sn-v2uph0n-apne, 
-5LRmn2ej3g, r1---sn-v2uph0n-apne, 
-5MQA_GISj4, r4---sn-v2uph0n-apne, 
-69IeX-yG7E, r4---sn-v2uph0n-apne, 
-6T1orKJ2lU, r3---sn-v2uph0n-apne, 
-6ULIgmBw08, r4---sn-v2uph0n-apne, 
-6VRbT0VcBE, r1---sn-v2uph0n-apne, 
-6idXF_7Vb0, r2---sn-v2uph0n-apne, 
-7Od7CeR3eA, r1---sn-v2uph0n-apne, 
-7r2JfpN8Tw, r4---sn-v2uph0n-apne, 
-811qF-_Qls, r2---sn-v2uph0n-apne, 
-8Bg5-BK-f0, r1---sn-v2uph0n-apne, 
-8pRJc0TbdU, r2---sn-v2uph0n-apne, 
-98zLZTCrro, r2---sn-v2uph0n-apne, 
-9S9myucJBs, r3---sn-v2uph0n-apne, 
-9sLm4trJjU, r4---sn-v2uph0n-apne, 
-AOb6S8fUA4, r1---sn-v2uph0n-apne, 
-AbPlw7tsjI, r2---sn-v2uph0n-apne, 
-B3AnpGw72U, r4---sn-v2uph0n-apne, 
-BWnTW4rL0U, r2---sn-v2uph0n-apne, 
-BZl3GE8i2Q, r9---sn-aiglln7e, 
-Bbd-yQRfBg, r1---sn-v2uph0n-apne, 
-Byp84Fw2ew, r2---sn-v2uph0n-apne, 
-De__Y0PMNg, r1---sn-v2uph0n-apne, 
-EFBGgSX-cQ, r1---sn-v2uph0n-apne, 
-F3BhwkGoKE, r4---sn-v2uph0n-apne, 
-FG3Upwt3Qg, r4---sn-v2uph0n-apne, 
-FTbMDLoJ4o, r3---sn-v2uph0n-apne, 
-FolHh7MUV0, r1---sn-v2uph0n-apne, 
-GDObrwJRA0, r4---sn-v2uph0n-apne, 
-GVBxni_HKE, r4---sn-v2uph0n-apne, 
-HLHI53pNbw, r2---sn-v2uph0n-apne, 
-HnoVtpHbns, r1---sn-v2uph0n-apne, 
-JgYJd12owI, r1---sn-v2uph0n-apne, 
-KA8EoHyZl8, r1---sn-v2uph0n-apne, 
-L3D5yGhT7U, r2---sn-v2uph0n-apne, 
-LJGUfFyOik, r2---sn-v2uph0n-apne, 
-LwrbbAEyUw, r4---sn-v2uph0n-apne, 
-LySWnuC5dY, r1---sn-v2uph0n-apne, 
-M5NJ-KWoYI, r3---sn-v2uph0n-apne, 
-McD0fTrXOI, r1---sn-v2uph0n-apne, 
-MjQ_qcpOdE, r1---sn-v2uph0n-apne, 
-N4XVs6Fv8s, r4---sn-v2uph0n-apne, 
-NaMBNy-hc8, r4---sn-v2uph0n-apne, 
-Nw1-u5-aYs, r4---sn-v2uph0n-apne, 
-ONPoPSbUIM, r1---sn-v2uph0n-apne, 
-OYm2Vnijxo, r1---sn-v2uph0n-apne, 
-P3lFebTqA0, r4---sn-v2uph0n-apne, 
-QH5YfWbRX8, r2---sn-v2uph0n-apne, 
-Q_k6vOKflc, r4---sn-v2uph0n-apne, 
-Qx1tr3IIY4, r1---sn-v2uph0n-apne, 
-RyO1l5dssk, r4---sn-v2uph0n-apne, 
-SclNrhVeaU, r2---sn-v2uph0n-apne, 
-SgqGzdPfaY, r3---sn-v2uph0n-apne, 
-Spskg1nsd0, r1---sn-v2uph0n-apne, 
-SsTMOGSRDs, r2---sn-v2uph0n-apne, 
-TPu0q_ViVg, r3---sn-v2uph0n-apne, 
-TWk6yNfBx0, r4---sn-v2uph0n-apne, 
-T_Oy6TMviM, r1---sn-v2uph0n-apne, 
-Uc1NznSI3U, r1---sn-v2uph0n-apne, 
-Uk5qMqnUHE, r2---sn-v2uph0n-apne, 
-UoOiDG5NPo, r4---sn-v2uph0n-apne, 
-V8DTnON3mA, r1---sn-v2uph0n-apne, 
-Ve_Zo-fb8I, r1---sn-v2uph0n-apne, 
-VpR598Zxns, r1---sn-v2uph0n-apne, 
-VruV7EHkr8, r3---sn-v2uph0n-apne, 
-WPtrLrR7Zw, r3---sn-v2uph0n-apne, 
-WdC4DaYIeQ, r2---sn-v2uph0n-apne, 
-XeIWmpjSbw, r1---sn-v2uph0n-apne, 
-XkRxHs4iis, r2---sn-v2uph0n-apne, 
-Xmp6EhXZAA, r1---sn-v2uph0n-apne, 
-YRouwVHvGI, r2---sn-v2uph0n-apne, 
-YZw2GsuNZs, r2---sn-v2uph0n-apne, 
-ZBHUX0UMsg, r1---sn-v2uph0n-apne, 
-Zj6z2sY41I, r4---sn-v2uph0n-apne, 
-_BZsodyfHM, r3---sn-v2uph0n-apne, 
-_CHvfwMoMY, r2---sn-v2uph0n-apne, 
-aQS5Im7rzI, r2---sn-v2uph0n-apne, 
-aV0fr6eU_A, r1---sn-v2uph0n-apne, 
-bmC45AwT7w, r1---sn-v2uph0n-apne, 
-c0SYroviac, r2---sn-v2uph0n-apne, 
-cMnRe8z8qU, r3---sn-v2uph0n-apne, 
-d-h3o_XhkU, r4---sn-v2uph0n-apne, 
-dL6AUfLvH0, r1---sn-v2uph0n-apne, 
-ds9Y7E6hcA, r2---sn-v2uph0n-apne, 
-dtv0_8CSxg, r2---sn-v2uph0n-apne, 
-e8vy7HRgpg, r1---sn-v2uph0n-apne, 
-eFUZi_uZbc, r1---sn-v2uph0n-apne, 
-eQFGy-UwXE, r2---sn-v2uph0n-apne, 
-exoMltJpoo, r3---sn-v2uph0n-apne, 
-fesv7_fXvs, r4---sn-v2uph0n-apne, 
-fmCoUjOMXU, r1---sn-v2uph0n-apne, 
-fx87ItBTQ8, r4---sn-v2uph0n-apne, 
-gCfatqENv8, r1---sn-v2uph0n-apne, 
-gcG8XTn9o8, r1---sn-v2uph0n-apne, 
-hAzg8Qk7A4, r4---sn-v2uph0n-apne, 
-hio985wp_c, r2---sn-v2uph0n-apne, 
-i2_hkTy9po, r2---sn-v2uph0n-apne, 
-jrsJMxhfRg, r3---sn-v2uph0n-apne, 
-kJaLMBXK10, r3---sn-v2uph0n-apne, 
-kSE0HJoa_o, r3---sn-v2uph0n-apne, 
-l37JxritTE, r4---sn-v2uph0n-apne, 
-lLcrnPzaGU, r1---sn-v2uph0n-apne, 
-lVK4ckKg8k, r3---sn-v2uph0n-apne, 
-lfZ4L-S0ms, r4---sn-v2uph0n-apne, 
-m0VplY2Ak4, r1---sn-v2uph0n-apne, 
-mMfgcgIaFQ, r2---sn-v2uph0n-apne, 
-nBR42fSHO0, r2---sn-v2uph0n-apne, 
-n_Q5kmAr90, r1---sn-v2uph0n-apne, 
-oSfz5pNgSc, r2---sn-v2uph0n-apne, 
-pG93TYHLlo, r1---sn-v2uph0n-apne, 
-pnlKVBXp24, r2---sn-v2uph0n-apne, 
-pq_l_z8big, r1---sn-v2uph0n-apne, 
-pqeWsdoLkw, r3---sn-v2uph0n-apne, 
-qNi0C2d-MU, r2---sn-v2uph0n-apne, 
-qnSz6Lh5pY, r1---sn-v2uph0n-apne, 
-queguLD-uA, r1---sn-v2uph0n-apne, 
-sA-IC4b6Pw, r3---sn-v2uph0n-apne, 
-sE3XB5fnCE, r2---sn-v2uph0n-apne, 
-sHX9SJgEbw, r1---sn-v2uph0n-apne, 
-stETi0dCIM, r3---sn-v2uph0n-apne, 
-tYnHdLU9yk, r3---sn-v2uph0n-apne, 
-uPCQy32tGg, r3---sn-v2uph0n-apne, 
-vAIYRMPnRE, r4---sn-v2uph0n-apne, 
-vhtFmxpcTk, r3---sn-v2uph0n-apne, 
-wTce8x5TPg, r4---sn-v2uph0n-apne, 
-wXYSEk5ZO8, r2---sn-v2uph0n-apne, 
-wiblW-Gsdk, r1---sn-v2uph0n-apne, 
-wrtaLhbggM, r1---sn-v2uph0n-apne, 
-xjQ_F486rQ, r1---sn-v2uph0n-apne, 
-xn9suJHD0Q, r3---sn-v2uph0n-apne, 
-xxniaDOeUs, r4---sn-v2uph0n-apne, 
-yPsbqb7N9k, r3---sn-v2uph0n-apne, 
-ya0a4HeKfs, r2---sn-v2uph0n-apne, 
-zPVFV7Ho9g, r3---sn-v2uph0n-apne, 
-zZE0SrkyNE, r4---sn-v2uph0n-apne, 
-ztnXdiDU58, r2---sn-v2uph0n-apne, 
0-UyDmA_I7M, r2---sn-v2uph0n-apne, 
0-qDUSoX6PE, r4---sn-v2uph0n-apne, 
0-ta-JzM020, r4---sn-v2uph0n-apne, 
018XnlNEl00, r1---sn-v2uph0n-apne, 
01RaocxHCPg, r4---sn-v2uph0n-apne, 
01mRfN1ocS0, r4---sn-v2uph0n-apne, 
02QFv0GwarY, r4---sn-v2uph0n-apne, 
02x8PCh8PXM, r1---sn-v2uph0n-apne, 
035Q7Aef-AY, r1---sn-v2uph0n-apne, 
039BhMuHrlQ, r3---sn-v2uph0n-apne, 
03InErK1f94, r2---sn-v2uph0n-apne, 
03LhYBNLXWo, r4---sn-v2uph0n-apne, 
06JIACSCyPc, r3---sn-v2uph0n-apne, 
06c2NwDHaR8, r2---sn-v2uph0n-apne, 
06y8l0wWgE8, r2---sn-v2uph0n-apne, 
0714IbwC3HA, r1---sn-v2uph0n-apne, 
07PEtK5tsxI, r2---sn-v2uph0n-apne, 
07bVnI7Ra30, r2---sn-v2uph0n-apne, 
07t8KQYITF0, r3---sn-v2uph0n-apne, 
08AtiSJSDXU, r1---sn-v2uph0n-apne, 
08L1_Ig3Qy8, r2---sn-v2uph0n-apne, 
08MA3UCi-ks, r1---sn-v2uph0n-apne, 
08fVHD3YXG4, r3---sn-v2uph0n-apne, 
09Wy6LJJfTA, r4---sn-v2uph0n-apne, 
09txgFQwM54, r1---sn-v2uph0n-apne, 
0A_jXSAvwj4, r3---sn-v2uph0n-apne, 
0BFWnNh0juE, r4---sn-v2uph0n-apne, 
0BI_x589AXE, r2---sn-v2uph0n-apne, 
0BW9Dbd9kzo, r2---sn-v2uph0n-apne, 
0BxLCIuhASQ, r3---sn-v2uph0n-apne, 
0CXRaS-i3rc, r4---sn-v2uph0n-apne, 
0CYxaflRMeo, r1---sn-v2uph0n-apne, 
0DAGMIfPfRc, r2---sn-v2uph0n-apne, 
0DKB-o4dtpI, r2---sn-v2uph0n-apne, 
0Ddb2JqIN0w, r4---sn-v2uph0n-apne, 
0Eyw39wkgoo, r3---sn-v2uph0n-apne, 
0F9GjNA4mtA, r1---sn-v2uph0n-apne, 
0FLY4W_yHGQ, r2---sn-v2uph0n-apne, 
0FNgThEm2E4, r1---sn-v2uph0n-apne, 
0FScoynkuc0, r4---sn-v2uph0n-apne, 
0FihlQSIMCQ, r1---sn-v2uph0n-apne, 
0Fq3MSjF9fI, r1---sn-v2uph0n-apne, 
0G3_kG5FFfQ, r3---sn-v2uph0n-apne, 
0G70BLHKgZw, r3---sn-v2uph0n-apne, 
0Gn-XI3LM7w, r1---sn-v2uph0n-apne, 
0H0Ny-a-c3c, r4---sn-v2uph0n-apne, 
0H6ay-dZtvY, r3---sn-v2uph0n-apne, 
0HIW-093Wgk, r3---sn-v2uph0n-apne, 
0HchZvjV_4o, r4---sn-v2uph0n-apne, 
0HfhsNyKVX8, r4---sn-v2uph0n-apne, 
0HmVdkSR_y8, r2---sn-v2uph0n-apne, 
0Ht72s2K9Ec, r1---sn-v2uph0n-apne, 
0IA3ZvCkRkQ, r4---sn-v2uph0n-apne, 
0IWOazC2c-c, r4---sn-v2uph0n-apne, 
0IX0-vy5WWk, r4---sn-v2uph0n-apne, 
0IfsGpbxRYk, r1---sn-v2uph0n-apne, 
0J2QdDbelmY, r4---sn-v2uph0n-apne, 
0JG-hVzglFE, r4---sn-v2uph0n-apne, 
0JdxP2Dglfo, r4---sn-v2uph0n-apne, 
0KSOMA3QBU0, r2---sn-v2uph0n-apne, 
0Kb_4RmgyM8, r2---sn-v2uph0n-apne, 
0KgnDqN5A9Q, r2---sn-v2uph0n-apne, 
0KsePLeLn0U, r2---sn-v2uph0n-apne, 
0LETadzDGOs, r4---sn-v2uph0n-apne, 
0LmMkqI8AaM, r3---sn-v2uph0n-apne, 
0MuPY-oCtnI, r1---sn-v2uph0n-apne, 
0N5Q9EoaEFc, r2---sn-v2uph0n-apne, 
0NCyWjOEhv0, r2---sn-v2uph0n-apne, 
0NDtHCj2tlk, r4---sn-v2uph0n-apne, 
0OsKCgChEZ8, r3---sn-v2uph0n-apne, 
0PGrtdcvlVE, r1---sn-v2uph0n-apne, 
0Pf5X63idXs, r2---sn-v2uph0n-apne, 
0PrDwKg4w30, r2---sn-v2uph0n-apne, 
0QO-rlQLGFA, r4---sn-v2uph0n-apne, 
0QtOCtSz_A8, r4---sn-v2uph0n-apne, 
0R4N5tesHC0, r4---sn-v2uph0n-apne, 
0RqdAxWZTDA, r1---sn-v2uph0n-apne, 
0Rrw5dBJJjM, r3---sn-v2uph0n-apne, 
0SL6TWjE2Ns, r2---sn-v2uph0n-apne, 
0T6cqo7gvKc, r3---sn-v2uph0n-apne, 
0TNjpb8O5LY, r2---sn-v2uph0n-apne, 
0UQDYWAOEoM, r1---sn-v2uph0n-apne, 
0UsxAO4LsFU, r1---sn-v2uph0n-apne, 
0V37J9ty_0w, r1---sn-v2uph0n-apne, 
0VBbErzAYQw, r1---sn-v2uph0n-apne, 
0VCpbaFmszg, r4---sn-v2uph0n-apne, 
0Vw7ZtQtlkw, r2---sn-v2uph0n-apne, 
0W01MDoJxuQ, r3---sn-v2uph0n-apne, 
0W1r2q7ABYc, r4---sn-v2uph0n-apne, 
0W4sN7TeJQU, r4---sn-v2uph0n-apne, 
0WNqnYQKB_k, r3---sn-v2uph0n-apne, 
0WQ7oeb9QXg, r3---sn-v2uph0n-apne, 
0X-jqiXRbxw, r3---sn-v2uph0n-apne, 
0XJwN0-aE7E, r4---sn-v2uph0n-apne, 
0XONqwHz2yw, r4---sn-v2uph0n-apne, 
0XfC3QUzA8I, r4---sn-v2uph0n-apne, 
0YCmJbEedkc, r1---sn-v2uph0n-apne, 
0YLpdEA1BYA, r2---sn-v2uph0n-apne, 
0ZR_9E4_lhM, r1---sn-v2uph0n-apne, 
0ZifIJNkvw8, r2---sn-v2uph0n-apne, 
0ZnpiM_a4GE, r3---sn-v2uph0n-apne, 
0__XxQoA0PY, r2---sn-v2uph0n-apne, 
0_bMFHo276Q, r2---sn-v2uph0n-apne, 
0_r1NFDbPts, r4---sn-v2uph0n-apne, 
0a4JRpPCrrQ, r1---sn-v2uph0n-apne, 
0aFjuQu9GWw, r2---sn-v2uph0n-apne, 
0au2J5oBUAs, r1---sn-v2uph0n-apne, 
0byPs62t3EI, r1---sn-v2uph0n-apne, 
0cTC-Zoy1iM, r1---sn-v2uph0n-apne, 
0clX8PZfRM0, r3---sn-v2uph0n-apne, 
0dkxuYgitNg, r2---sn-v2uph0n-apne, 
0dmC4VCAoaU, r3---sn-v2uph0n-apne, 
0eDnsNtJByg, r3---sn-v2uph0n-apne, 
0eXi8teywBY, r2---sn-v2uph0n-apne, 
0eteZ2aEhxM, r1---sn-v2uph0n-apne, 
0fBqYnogfVQ, r2---sn-v2uph0n-apne, 
0fhVqJFaYbo, r1---sn-v2uph0n-apne, 
0fyS-uOdHyU, r4---sn-v2uph0n-apne, 
0g_Sn2nc37E, r1---sn-v2uph0n-apne, 
0g_ZB0FmAQo, r1---sn-v2uph0n-apne, 
0h3hfaOjHRc, r2---sn-v2uph0n-apne, 
0hQCiZm69_4, r4---sn-v2uph0n-apne, 
0hVLUunGB3g, r1---sn-v2uph0n-apne, 
0hd_hPM5ql0, r1---sn-v2uph0n-apne, 
0i5mCqROEz4, r2---sn-v2uph0n-apne, 
0i_3-P89g5o, r3---sn-v2uph0n-apne, 
0j2dnw_YXvc, r2---sn-v2uph0n-apne, 
0jVaHZSBM80, r4---sn-v2uph0n-apne, 
0ja7lCVj-t8, r4---sn-v2uph0n-apne, 
0kAWGoj8JUI, r4---sn-v2uph0n-apne, 
0lCVVU7dF20, r3---sn-v2uph0n-apne, 
0nejnWmlM2U, r3---sn-v2uph0n-apne, 
0npet2pZiss, r2---sn-v2uph0n-apne, 
0nzfssY4FYs, r2---sn-v2uph0n-apne, 
0oMomEydzGI, r2---sn-v2uph0n-apne, 
0oUQnMDshc8, r1---sn-v2uph0n-apne, 
0ohhUqQm9ts, r2---sn-v2uph0n-apne, 
0pqzNJYzh7I, r1---sn-v2uph0n-apne, 
0pxNVArisBs, r3---sn-v2uph0n-apne, 
0q2h-2GlUKU, r2---sn-v2uph0n-apne, 
0qeoQTBav9o, r3---sn-v2uph0n-apne, 
0r1wQaaTvLQ, r3---sn-v2uph0n-apne, 
0rJKv3lhr44, r2---sn-v2uph0n-apne, 
0rMixk6yqlk, r2---sn-v2uph0n-apne, 
0sHQdWTYjoM, r4---sn-v2uph0n-apne, 
0soNQPLJpeg, r3---sn-v2uph0n-apne, 
0tnEQvSAPR0, r4---sn-v2uph0n-apne, 
0u0nUU126Hc, r2---sn-v2uph0n-apne, 
0uWGYAUyaI8, r2---sn-v2uph0n-apne, 
0uYzuVPxS6s, r3---sn-v2uph0n-apne, 
0uezOya_pWs, r1---sn-v2uph0n-apne, 
0ugaixOdb3E, r1---sn-v2uph0n-apne, 
0vSJfrS6k0o, r1---sn-v2uph0n-apne, 
0wmotWUm6MU, r1---sn-v2uph0n-apne, 
0xJKOIQIxqY, r4---sn-v2uph0n-apne, 
0xgJMlvwluU, r1---sn-v2uph0n-apne, 
0yVMoFFloHE, r4---sn-v2uph0n-apne, 
0y_R7CBmDAE, r4---sn-v2uph0n-apne, 
0yakcqc8Ru4, r4---sn-v2uph0n-apne, 
0ylmq02U0Wo, r4---sn-v2uph0n-apne, 
0z20RpcLKrY, r2---sn-v2uph0n-apne, 
0zBGvSZNHSc, r3---sn-v2uph0n-apne, 
0zKbMWUMB2E, r4---sn-v2uph0n-apne, 
0z_SiRbD4aY, r3---sn-v2uph0n-apne, 
0zdzUupoGJc, r3---sn-v2uph0n-apne, 
0zzI1Fwdw2k, r1---sn-v2uph0n-apne, 
1-7ABIM2qjU, r1---sn-v2uph0n-apne, 
10Gnzp6khsk, r4---sn-v2uph0n-apne, 
11EaEuFpXxs, r3---sn-v2uph0n-apne, 
11NUowSQob8, r2---sn-v2uph0n-apne, 
11d8aGOMNTQ, r1---sn-v2uph0n-apne, 
11oMu365xYU, r1---sn-v2uph0n-apne, 
12KKqI3COig, r2---sn-v2uph0n-apne, 
12ftrDoWkB0, r3---sn-v2uph0n-apne, 
12ryqbGdNxE, r2---sn-v2uph0n-apne, 
133-538NJVg, r4---sn-v2uph0n-apne, 
13NU8_hH-a0, r1---sn-v2uph0n-apne, 
13rnIfv4Ifs, r3---sn-v2uph0n-apne, 
14iOfprWMX4, r4---sn-v2uph0n-apne, 
15DHocKgFtU, r1---sn-v2uph0n-apne, 
15SyWQoVvJ8, r1---sn-v2uph0n-apne, 
15zdbv099gU, r4---sn-v2uph0n-apne, 
169kQ1IkwOY, r1---sn-v2uph0n-apne, 
17JU5gHCLmU, r2---sn-v2uph0n-apne, 
17L3X0Y8it0, r2---sn-v2uph0n-apne, 
17MIt_FhH00, r2---sn-v2uph0n-apne, 
17uqLE5LGWw, r1---sn-v2uph0n-apne, 
18TOlV3DtsY, r3---sn-v2uph0n-apne, 
18ZtFjOkgfo, r3---sn-v2uph0n-apne, 
18rGMHBZ_XM, r2---sn-v2uph0n-apne, 
19BwHPBc8Hk, r1---sn-v2uph0n-apne, 
19ITaw86Z48, r2---sn-v2uph0n-apne, 
1A25LsF5Vqk, r2---sn-v2uph0n-apne, 
1AkznXudHvM, r4---sn-v2uph0n-apne, 
1BQRa2WnZ3A, r3---sn-v2uph0n-apne, 
1Bdpwlffl-Y, r4---sn-v2uph0n-apne, 
1DZpiMplorc, r4---sn-v2uph0n-apne, 
1Din3Vz5Rxo, r2---sn-v2uph0n-apne, 
1DmgK7-gPxo, r4---sn-v2uph0n-apne, 
1ENdmrLszos, r3---sn-v2uph0n-apne, 
1F1H1K5RbJU, r1---sn-v2uph0n-apne, 
1F6bk2fY4fg, r4---sn-v2uph0n-apne, 
1FiguVVgbUQ, r4---sn-v2uph0n-apne, 
1FqYi12p8iA, r2---sn-v2uph0n-apne, 
1Fvd_sjt6Ks, r4---sn-v2uph0n-apne, 
1G4isv_Fylg, r4---sn-v2uph0n-apne, 
1Go6gJJ9nOw, r3---sn-v2uph0n-apne, 
1GpfIi8A8go, r4---sn-v2uph0n-apne, 
1Hfj4Cusdwk, r1---sn-v2uph0n-apne, 
1JSALir6Rmw, r2---sn-v2uph0n-apne, 
1KkrDRqsDcY, r1---sn-v2uph0n-apne, 
1L8rAbofgNU, r1---sn-v2uph0n-apne, 
1LXtt7QRU88, r1---sn-v2uph0n-apne, 
1M5zHy6YDIE, r4---sn-v2uph0n-apne, 
1MQcjkTd8sI, r3---sn-v2uph0n-apne, 
1Mr4VG-agEY, r4---sn-v2uph0n-apne, 
1Mysp4ve6pc, r2---sn-v2uph0n-apne, 
1NEoYmhEjGQ, r4---sn-v2uph0n-apne, 
1NUgKeYtQhY, r1---sn-v2uph0n-apne, 
1Nd_lUFgJ2Q, r1---sn-v2uph0n-apne, 
1O1CroKIFf0, r1---sn-v2uph0n-apne, 
1OVS6V1_6yY, r2---sn-v2uph0n-apne, 
1OjTspCqvk8, r1---sn-v2uph0n-apne, 
1Olo8gzgpC4, r4---sn-v2uph0n-apne, 
1PC3lov2xGY, r1---sn-v2uph0n-apne, 
1PnGE5MzImY, r1---sn-v2uph0n-apne, 
1Q5dUitngxk, r1---sn-v2uph0n-apne, 
1QCJkSAQMlM, r1---sn-v2uph0n-apne, 
1QQPSBoci7Q, r2---sn-v2uph0n-apne, 
1Qxv8t_gQD4, r4---sn-v2uph0n-apne, 
1RBGtJZnDH8, r2---sn-v2uph0n-apne, 
1RRICsnBK24, r2---sn-v2uph0n-apne, 
1RVJKaFBlWg, r4---sn-v2uph0n-apne, 
1RvyAzL_l9I, r3---sn-v2uph0n-apne, 
1S0brFIDvh0, r1---sn-v2uph0n-apne, 
1SBIjP4dXuU, r3---sn-v2uph0n-apne, 
1Sd4p4ufcRc, r4---sn-v2uph0n-apne, 
1SvDpqWGXf0, r1---sn-v2uph0n-apne, 
1SzoauD-1DU, r4---sn-v2uph0n-apne, 
1UJ2xwaGcjs, r1---sn-v2uph0n-apne, 
1UJXTarmHFc, r4---sn-v2uph0n-apne, 
1UjLDOldi9s, r3---sn-v2uph0n-apne, 
1V9fyoPJXwU, r3---sn-v2uph0n-apne, 
1V_9rGxgaEI, r1---sn-v2uph0n-apne, 
1WLGmcyZQW0, r1---sn-v2uph0n-apne, 
1WW1w2DTZpw, r3---sn-v2uph0n-apne, 
1W_klHoEAFA, r1---sn-v2uph0n-apne, 
1XKVC16GKU0, r2---sn-v2uph0n-apne, 
1X_qsxnV5F0, r2---sn-v2uph0n-apne, 
1XmfTp6v09s, r2---sn-v2uph0n-apne, 
1XyXk8nlXus, r1---sn-v2uph0n-apne, 
1Y5QY0SMXbs, r1---sn-v2uph0n-apne, 
1YTdJVU10rc, r4---sn-v2uph0n-apne, 
1YhCUhzZwp0, r1---sn-v2uph0n-apne, 
1ZHBMgP8zjs, r2---sn-v2uph0n-apne, 
1ZWPNABL474, r1---sn-v2uph0n-apne, 
1Zt_bcTq5n0, r3---sn-v2uph0n-apne, 
1_KA-rT5-L4, r2---sn-v2uph0n-apne, 
1__GwobdJ9A, r2---sn-v2uph0n-apne, 
1a8m1TjGAp0, r3---sn-v2uph0n-apne, 
1aOVA1w7KtU, r2---sn-v2uph0n-apne, 
1aZwAZw3oU0, r2---sn-v2uph0n-apne, 
1aphO1Zd2kg, r3---sn-v2uph0n-apne, 
1bLNZHAVzmw, r4---sn-v2uph0n-apne, 
1bM4vJrdVmY, r1---sn-v2uph0n-apne, 
1bbvBsOJJnY, r1---sn-v2uph0n-apne, 
1byJshJAeQs, r1---sn-v2uph0n-apne, 
1cJHYPMx9yc, r4---sn-v2uph0n-apne, 
1cP_HJKRD8s, r3---sn-v2uph0n-apne, 
1ces56v2oGg, r4---sn-v2uph0n-apne, 
1cm7vrZZLfU, r4---sn-v2uph0n-apne, 
1dIc6Csy4cQ, r4---sn-v2uph0n-apne, 
1dR4nrIw7VM, r1---sn-v2uph0n-apne, 
1djpz1pP-38, r2---sn-v2uph0n-apne, 
1drxSG_uj9Q, r2---sn-v2uph0n-apne, 
1esS5vRGQus, r3---sn-v2uph0n-apne, 
1fO9PBqdFuY, r1---sn-v2uph0n-apne, 
1fadf10r03Y, r2---sn-v2uph0n-apne, 
1fvDcuQpr9c, r1---sn-v2uph0n-apne, 
1fwdYaqhdNs, r3---sn-v2uph0n-apne, 
1g7XO7gICAo, r1---sn-v2uph0n-apne, 
1gpUQqP4Ywc, r4---sn-v2uph0n-apne, 
1gw5QIf5Bxk, r1---sn-v2uph0n-apne, 
1h5jLsStevU, r1---sn-v2uph0n-apne, 
1hzuxhZCrFA, r2---sn-v2uph0n-apne, 
1iMfoN7zjQI, r4---sn-v2uph0n-apne, 
1iiRKv_C5Zs, r4---sn-v2uph0n-apne, 
1jZ9DcNgqns, r1---sn-v2uph0n-apne, 
1jmnOqsu0us, r3---sn-v2uph0n-apne, 
1jvD71P6xeQ, r3---sn-v2uph0n-apne, 
1jvvTen9BfA, r3---sn-v2uph0n-apne, 
1kArSVEwbhw, r2---sn-v2uph0n-apne, 
1kaFA4Kidg8, r3---sn-v2uph0n-apne, 
1kmatKUBBck, r1---sn-v2uph0n-apne, 
1lbZQohHQ1E, r4---sn-v2uph0n-apne, 
1lyu1KKwC74, r2---sn-v2uph0n-apne, 
1m1FoI7bnbY, r1---sn-v2uph0n-apne, 
1mKd9zjg-TI, r1---sn-v2uph0n-apne, 
1m_FwcDwHdI, r1---sn-v2uph0n-apne, 
1nUHHq6utmU, r4---sn-v2uph0n-apne, 
1oNlFrC1GkU, r4---sn-v2uph0n-apne, 
1ov6USLXwGA, r3---sn-v2uph0n-apne, 
1pDP1kW04Wo, r3---sn-v2uph0n-apne, 
1pEHHjVbbwc, r1---sn-v2uph0n-apne, 
1pkrv_OVros, r3---sn-v2uph0n-apne, 
1pnQESjr7IU, r2---sn-v2uph0n-apne, 
1pyv7l179gQ, r1---sn-v2uph0n-apne, 
1pzSkSVo0oI, r3---sn-v2uph0n-apne, 
1q25I-KsKwA, r2---sn-v2uph0n-apne, 
1qr6DXRitUY, r3---sn-v2uph0n-apne, 
1rm6ApLzCT0, r2---sn-v2uph0n-apne, 
1s0DYXUIpW0, r1---sn-v2uph0n-apne, 
1sJPs_5ahYI, r4---sn-v2uph0n-apne, 
1sXRmWlLzDU, r4---sn-v2uph0n-apne, 
1srcurP8kqc, r2---sn-v2uph0n-apne, 
1tC7IvkYbEM, r2---sn-v2uph0n-apne, 
1tVygakY2D0, r4---sn-v2uph0n-apne, 
1tod0DVC8ek, r2---sn-v2uph0n-apne, 
1v2VcZoVvck, r4---sn-v2uph0n-apne, 
1vGFjVs08FQ, r4---sn-v2uph0n-apne, 
1voZxFkXZzE, r2---sn-v2uph0n-apne, 
1w7OgIMMRc4, r1---sn-v2uph0n-apne, 
1wgNf9R65Zc, r2---sn-v2uph0n-apne, 
1x5hxvyq6C0, r2---sn-v2uph0n-apne, 
1xY_ExxAaCE, r1---sn-v2uph0n-apne, 
1yS5MhaA2Vo, r4---sn-v2uph0n-apne, 
1y_d3svA3JA, r4---sn-v2uph0n-apne, 
1yb-Ox6XsfA, r3---sn-v2uph0n-apne, 
1ywaEZLerro, r1---sn-v2uph0n-apne, 
1zVB1KhbMBI, r2---sn-v2uph0n-apne, 
2-HBzI_5Sos, r3---sn-v2uph0n-apne, 
2-tCxVnRSv0, r3---sn-v2uph0n-apne, 
204NsjZBrHE, r3---sn-v2uph0n-apne, 
206xsgur2SY, r3---sn-v2uph0n-apne, 
20MbLGfeFBA, r2---sn-v2uph0n-apne, 
20a5NCEd61Y, r4---sn-v2uph0n-apne, 
20e25I8HPww, r3---sn-v2uph0n-apne, 
20jwNCLRNv0, r3---sn-v2uph0n-apne, 
212MrGd_LLU, r2---sn-v2uph0n-apne, 
219n3mgWwd4, r4---sn-v2uph0n-apne, 
21VlOFUIGl0, r1---sn-v2uph0n-apne, 
229K5n_PRJA, r2---sn-v2uph0n-apne, 
22dv978meLU, r3---sn-v2uph0n-apne, 
23AfNn6mx6s, r1---sn-v2uph0n-apne, 
23FEgGj7bwM, r2---sn-v2uph0n-apne, 
23zyiAVNvk0, r3---sn-v2uph0n-apne, 
24Oh8GAhk3A, r2---sn-v2uph0n-apne, 
25be0j4N7o4, r2---sn-v2uph0n-apne, 
25xx3s5Pjzs, r1---sn-v2uph0n-apne, 
268JdcdLewc, r3---sn-v2uph0n-apne, 
26SVxSJAz1k, r3---sn-v2uph0n-apne, 
26nE_xXTDMs, r1---sn-v2uph0n-apne, 
26oM9EcVevc, r4---sn-v2uph0n-apne, 
273eSvOwpKk, r3---sn-v2uph0n-apne, 
279b7THI8N4, r3---sn-v2uph0n-apne, 
27Xl60HC0TA, r1---sn-v2uph0n-apne, 
28LPFW6yuvc, r3---sn-v2uph0n-apne, 
28hduGTkSqw, r4---sn-v2uph0n-apne, 
28iuFQ8nnag, r2---sn-v2uph0n-apne, 
29Z5gzqnQyE, r3---sn-v2uph0n-apne, 
29h0FJ8tzE4, r1---sn-v2uph0n-apne, 
2A0bbrjA_UM, r1---sn-v2uph0n-apne, 
2AB5quKBUd4, r3---sn-v2uph0n-apne, 
2ABlQXmbcp8, r3---sn-v2uph0n-apne, 
2Afb9neqscU, r4---sn-v2uph0n-apne, 
2Ag59rp3_bk, r2---sn-v2uph0n-apne, 
2B7dNEvqlOM, r3---sn-v2uph0n-apne, 
2BioNW_DNlg, r2---sn-v2uph0n-apne, 
2Cscmcz_ncU, r3---sn-v2uph0n-apne, 
2CuRYGq-6R0, r1---sn-v2uph0n-apne, 
2DVGuum19KU, r2---sn-v2uph0n-apne, 
2DZh8YGooYc, r4---sn-v2uph0n-apne, 
2ELTessrDvg, r1---sn-v2uph0n-apne, 
2Ed45KqhuFQ, r4---sn-v2uph0n-apne, 
2Exqs_XeCz0, r4---sn-v2uph0n-apne, 
2FA-eSYFiOk, r1---sn-v2uph0n-apne, 
2FAosgQwgE0, r4---sn-v2uph0n-apne, 
2FFOPEL-ADY, r2---sn-v2uph0n-apne, 
2GVcWyXJHhM, r1---sn-v2uph0n-apne, 
2GX44VbjgfA, r2---sn-v2uph0n-apne, 
2GdYztvLFSM, r1---sn-v2uph0n-apne, 
2H7teDak-k8, r1---sn-v2uph0n-apne, 
2HAeR9VOkpY, r3---sn-v2uph0n-apne, 
2HDfl5B7aFU, r4---sn-v2uph0n-apne, 
2HVX3DeFN7Q, r2---sn-v2uph0n-apne, 
2HcOWGKPxpQ, r3---sn-v2uph0n-apne, 
2Hikh-XoCdk, r3---sn-v2uph0n-apne, 
2HvimJDj5Lc, r4---sn-v2uph0n-apne, 
2I8DgA2NkLA, r3---sn-v2uph0n-apne, 
2IToSB0QnSA, r3---sn-v2uph0n-apne, 
2IZjlKke2MY, r3---sn-v2uph0n-apne, 
2IdHue-t3sA, r3---sn-v2uph0n-apne, 
2ItCIx6HGHY, r1---sn-v2uph0n-apne, 
2J8JbSKdPWE, r4---sn-v2uph0n-apne, 
2K7GsMr86QA, r1---sn-v2uph0n-apne, 
2KCTsMAB1eg, r2---sn-v2uph0n-apne, 
2KGR68WfFlI, r4---sn-v2uph0n-apne, 
2KyWu-KMgcI, r3---sn-v2uph0n-apne, 
2LgIj4xm4k0, r2---sn-v2uph0n-apne, 
2M-CFCo-rkY, r2---sn-v2uph0n-apne, 
2NEBy7p4UpQ, r3---sn-v2uph0n-apne, 
2NUQJvfDXrM, r2---sn-v2uph0n-apne, 
2O4qpPLckSs, r1---sn-v2uph0n-apne, 
2OA8XzWCYcw, r4---sn-v2uph0n-apne, 
2OR-1Ofno6w, r4---sn-v2uph0n-apne, 
2PB1m0_10H8, r2---sn-v2uph0n-apne, 
2PEG82Udb90, r1---sn-v2uph0n-apne, 
2PLw0samPgk, r3---sn-v2uph0n-apne, 
2Pl0dJwDPAo, r3---sn-v2uph0n-apne, 
2PtZNBVtUJ8, r4---sn-v2uph0n-apne, 
2QxVmtb3z0g, r1---sn-v2uph0n-apne, 
2QziMIB5GT8, r2---sn-v2uph0n-apne, 
2R4ZfhMjfUI, r2---sn-v2uph0n-apne, 
2RMUrk4UVdE, r1---sn-v2uph0n-apne, 
2SpQ1Y7ugww, r2---sn-v2uph0n-apne, 
2TJQknImBZM, r4---sn-v2uph0n-apne, 
2TRnl_CrTiU, r4---sn-v2uph0n-apne, 
2Tnm5NBKouk, r1---sn-v2uph0n-apne, 
2Ts5idTFaN8, r2---sn-v2uph0n-apne, 
2UHhBcZxYqY, r3---sn-v2uph0n-apne, 
2UjrEjfg7hk, r1---sn-v2uph0n-apne, 
2UkxBtA3MlQ, r1---sn-v2uph0n-apne, 
2UythhsiB4c, r4---sn-v2uph0n-apne, 
2VD1lgIxf98, r4---sn-v2uph0n-apne, 
2VUK23w7JB4, r1---sn-v2uph0n-apne, 
2VwMkVVAPuw, r1---sn-v2uph0n-apne, 
2WnnbmjolCQ, r2---sn-v2uph0n-apne, 
2WxEjR3HIHM, r1---sn-v2uph0n-apne, 
2XLEXMOcshs, r2---sn-v2uph0n-apne, 
2YAKLme4nao, r1---sn-v2uph0n-apne, 
2YOYoQb1940, r1---sn-v2uph0n-apne, 
2YSsEw9fOn0, r3---sn-v2uph0n-apne, 
2Z603ccaj74, r1---sn-v2uph0n-apne, 
2ZCPkR3zXxo, r3---sn-v2uph0n-apne, 
2ZcpCby948U, r4---sn-v2uph0n-apne, 
2_Zx1krhxvI, r2---sn-v2uph0n-apne, 
2__oOFkH-SM, r1---sn-v2uph0n-apne, 
2_fDMwWWSx8, r1---sn-v2uph0n-apne, 
2_hbWhkB2QQ, r3---sn-v2uph0n-apne, 
2aAiiwUWyRo, r2---sn-v2uph0n-apne, 
2adzUskTYqo, r3---sn-v2uph0n-apne, 
2b8iCcQ4NGE, r4---sn-v2uph0n-apne, 
2bARhMnpEho, r3---sn-v2uph0n-apne, 
2bQwlG-x-r4, r4---sn-v2uph0n-apne, 
2cDD2RzxyG8, r3---sn-v2uph0n-apne, 
2cuOnaexeuE, r3---sn-v2uph0n-apne, 
2cvFKz_VV4o, r3---sn-v2uph0n-apne, 
2d6o1Cx9Ajs, r1---sn-v2uph0n-apne, 
2da7N6ADm9s, r4---sn-v2uph0n-apne, 
2e4hCjgwk7k, r4---sn-v2uph0n-apne, 
2ePdP0T-Ook, r3---sn-v2uph0n-apne, 
2esQHmcgkao, r1---sn-v2uph0n-apne, 
2fXwJ3D7lnI, r1---sn-v2uph0n-apne, 
2gDdGYboQes, r3---sn-v2uph0n-apne, 
2hJd_ceDqzM, r3---sn-v2uph0n-apne, 
2iygUIeS2Qs, r1---sn-v2uph0n-apne, 
2jQNkxV2yB8, r2---sn-v2uph0n-apne, 
2jpFh6a_3MM, r4---sn-v2uph0n-apne, 
2jyj8n-ZNnI, r4---sn-v2uph0n-apne, 
2k4f-WMYj44, r1---sn-v2uph0n-apne, 
2kBiVLmDZoc, r4---sn-v2uph0n-apne, 
2lJzeNjIhsA, r2---sn-v2uph0n-apne, 
2lK_4PnxUcg, r3---sn-v2uph0n-apne, 
2mA8X0cshKQ, r1---sn-v2uph0n-apne, 
2mTpxoNOZa8, r2---sn-v2uph0n-apne, 
2mVoenbXIxw, r4---sn-v2uph0n-apne, 
2n7Vs1tgA3s, r3---sn-v2uph0n-apne, 
2nEtJc_yK1I, r2---sn-v2uph0n-apne, 
2nMD6sjAe8I, r4---sn-v2uph0n-apne, 
2nVDquVsZWQ, r1---sn-v2uph0n-apne, 
2nXGPZaTKik, r4---sn-v2uph0n-apne, 
2pZjM99mRUA, r4---sn-v2uph0n-apne, 
2p_nfW7JBvM, r3---sn-v2uph0n-apne, 
2pi0O-DiABU, r4---sn-v2uph0n-apne, 
2pl82cxnHEw, r2---sn-v2uph0n-apne, 
2qKQOAl_6Y8, r2---sn-v2uph0n-apne, 
2qSk1QfvW2Q, r2---sn-v2uph0n-apne, 
2qy36g81pvU, r1---sn-v2uph0n-apne, 
2rIQOKZaInk, r1---sn-v2uph0n-apne, 
2rTW9m3Lho8, r3---sn-v2uph0n-apne, 
2s_5d1-SQcE, r3---sn-v2uph0n-apne, 
2sjO6OGQ67E, r1---sn-v2uph0n-apne, 
2sysggZrft0, r3---sn-v2uph0n-apne, 
2szcS3C1sXE, r1---sn-v2uph0n-apne, 
2t9Qkd__3_I, r2---sn-v2uph0n-apne, 
2tHAeo1I7t8, r1---sn-v2uph0n-apne, 
2trgyB8o6J8, r1---sn-v2uph0n-apne, 
2uUz55zpThE, r4---sn-v2uph0n-apne, 
2uWVwpinQUo, r2---sn-v2uph0n-apne, 
2uiMpU0sqJU, r1---sn-v2uph0n-apne, 
2vjPBrBU-TM, r4---sn-v2uph0n-apne, 
2vmxmfdCuoQ, r2---sn-v2uph0n-apne, 
2vzMzmT9fvY, r2---sn-v2uph0n-apne, 
2w9b7impJqA, r3---sn-v2uph0n-apne, 
2x354vgltEE, r2---sn-v2uph0n-apne, 
2xDVQ4oXzjE, r2---sn-v2uph0n-apne, 
2xVC6VC5IQU, r3---sn-v2uph0n-apne, 
2yQ0Fll_9pM, r4---sn-v2uph0n-apne, 
2yTIpfzfAH4, r3---sn-v2uph0n-apne, 
2ybXvAKfpzc, r4---sn-v2uph0n-apne, 
2zcFXLhUG58, r4---sn-v2uph0n-apne, 
2zfwHZJ99Mo, r2---sn-v2uph0n-apne, 
3-6zQM98tVw, r3---sn-v2uph0n-apne, 
3-N6owXze40, r4---sn-v2uph0n-apne, 
3-VV7kPWBjY, r2---sn-v2uph0n-apne, 
3-_ep_8A8jg, r1---sn-v2uph0n-apne, 
3-vws5u8OTQ, r2---sn-v2uph0n-apne, 
30qcCD6v26c, r1---sn-v2uph0n-apne, 
31fq3tBfsnU, r4---sn-v2uph0n-apne, 
31nOaXSeqSo, r4---sn-v2uph0n-apne, 
321FygnKmX8, r4---sn-v2uph0n-apne, 
3289QD_z9Zs, r1---sn-v2uph0n-apne, 
32CFLH7N5kQ, r4---sn-v2uph0n-apne, 
32cfo9AgiD0, r3---sn-v2uph0n-apne, 
32p7bWOS930, r3---sn-v2uph0n-apne, 
32rVDwTUbzs, r4---sn-v2uph0n-apne, 
33lELDJGWDQ, r2---sn-v2uph0n-apne, 
34TLgklMhUY, r2---sn-v2uph0n-apne, 
34cq3GxOHE8, r1---sn-v2uph0n-apne, 
34nrWcUglVg, r4---sn-v2uph0n-apne, 
35jV75TKoaY, r4---sn-v2uph0n-apne, 
35pve6sV5qI, r4---sn-v2uph0n-apne, 
35say5G5cz8, r1---sn-v2uph0n-apne, 
370Ea5Rm4L8, r1---sn-v2uph0n-apne, 
37PwcS55ito, r2---sn-v2uph0n-apne, 
38h8TfYN-cM, r3---sn-v2uph0n-apne, 
39J1ueAF7z0, r3---sn-v2uph0n-apne, 
3A1G1m492Es, r3---sn-v2uph0n-apne, 
3A9vn-2H28I, r1---sn-v2uph0n-apne, 
3AmZJYtle4Q, r3---sn-v2uph0n-apne, 
3Av2cTLX3Wk, r4---sn-v2uph0n-apne, 
3BRm6neyUTk, r3---sn-v2uph0n-apne, 
3BgFvwKUpYo, r4---sn-v2uph0n-apne, 
3BxfpbyV-uc, r2---sn-v2uph0n-apne, 
3CBK6_WGQOM, r2---sn-v2uph0n-apne, 
3CuJYfTjEjY, r3---sn-v2uph0n-apne, 
3D7xZMJrtzs, r2---sn-v2uph0n-apne, 
3DdFnuGGTzc, r2---sn-v2uph0n-apne, 
3F6l8tjzNRg, r1---sn-v2uph0n-apne, 
3GC80NtSlMw, r4---sn-v2uph0n-apne, 
3GNKBkeDDlg, r3---sn-v2uph0n-apne, 
3HCdmwmi2yY, r3---sn-v2uph0n-apne, 
3HMWoGB6pKg, r4---sn-v2uph0n-apne, 
3HZtCqxZ7Og, r2---sn-v2uph0n-apne, 
3Hh2pKpPIbU, r3---sn-v2uph0n-apne, 
3HwWm2EQQ50, r2---sn-v2uph0n-apne, 
3JWTaaS7LdU, r4---sn-v2uph0n-apne, 
3JsdF-2-NAY, r1---sn-v2uph0n-apne, 
3KbJDMwoGPo, r3---sn-v2uph0n-apne, 
3LGZ3XM0dZ0, r3---sn-v2uph0n-apne, 
3LV5s-EIKRU, r1---sn-v2uph0n-apne, 
3LagavbuVd8, r2---sn-v2uph0n-apne, 
3LtnRRxpUxc, r3---sn-v2uph0n-apne, 
3M8FC7uZj3M, r3---sn-v2uph0n-apne, 
3MOtVBdkZok, r2---sn-v2uph0n-apne, 
3MPbw82gWlc, r3---sn-v2uph0n-apne, 
3MfAshv4f1Q, r1---sn-v2uph0n-apne, 
3MfyRFJsajE, r2---sn-v2uph0n-apne, 
3Mq5mbEN0Bw, r3---sn-v2uph0n-apne, 
3Ms0iuLP5oY, r4---sn-v2uph0n-apne, 
3N1XKyQEdLU, r4---sn-v2uph0n-apne, 
3N3-tr28RbA, r2---sn-v2uph0n-apne, 
3Ocd4YFo9hs, r1---sn-v2uph0n-apne, 
3PPkjM1Wv1s, r3---sn-v2uph0n-apne, 
3PhwAdruaJc, r2---sn-v2uph0n-apne, 
3QVMMb6u8jY, r3---sn-v2uph0n-apne, 
3QiELj_IDsQ, r3---sn-v2uph0n-apne, 
3QleHVMsXro, r2---sn-v2uph0n-apne, 
3RLu6E3pGNA, r4---sn-v2uph0n-apne, 
3RZibK_PdoM, r4---sn-v2uph0n-apne, 
3S8tv-tbsEY, r4---sn-v2uph0n-apne, 
3SO6J_7PISc, r3---sn-v2uph0n-apne, 
3SSW5X2fguQ, r3---sn-v2uph0n-apne, 
3T1c7GkzRQQ, r1---sn-v2uph0n-apne, 
3TVIScoVmhE, r2---sn-v2uph0n-apne, 
3UjuceBpQsU, r3---sn-v2uph0n-apne, 
3UymAMBBZk8, r3---sn-v2uph0n-apne, 
3VRbf6Iqf6o, r3---sn-v2uph0n-apne, 
3WH1Ma50QUk, r1---sn-v2uph0n-apne, 
3WMuNXCVpM4, r2---sn-v2uph0n-apne, 
3WQf5qR2a7Y, r4---sn-v2uph0n-apne, 
3Wb2gAN6iq8, r2---sn-v2uph0n-apne, 
3Wm32ARe1OY, r1---sn-v2uph0n-apne, 
3WtnOqJgLrM, r1---sn-v2uph0n-apne, 
3XCcQiu9_Sc, r4---sn-v2uph0n-apne, 
3Xerq7msUGQ, r1---sn-v2uph0n-apne, 
3Xh6yAPiRcA, r1---sn-v2uph0n-apne, 
3Y6FkVXKliE, r1---sn-v2uph0n-apne, 
3YD1n1JMZ-k, r4---sn-v2uph0n-apne, 
3YZ7SbK5xu0, r2---sn-v2uph0n-apne, 
3Yr35G7PVG4, r3---sn-v2uph0n-apne, 
3ZNcxomWhgE, r3---sn-v2uph0n-apne, 
3ZU3mTipoGo, r1---sn-v2uph0n-apne, 
3_9W9sVoM-A, r3---sn-v2uph0n-apne, 
3_JRvTaJaeg, r2---sn-v2uph0n-apne, 
3_O5iuuq9Ko, r4---sn-v2uph0n-apne, 
3a70-3G-Hb4, r4---sn-v2uph0n-apne, 
3aF9AJm0RFc, r1---sn-v2uph0n-apne, 
3aJanxOLxzk, r2---sn-v2uph0n-apne, 
3ahi9LbFTrg, r1---sn-v2uph0n-apne, 
3b2NeQzI3-s, r2---sn-v2uph0n-apne, 
3bBzZ7tFCIs, r3---sn-v2uph0n-apne, 
3bl7XybUDOM, r1---sn-v2uph0n-apne, 
3brcYz4l2OU, r1---sn-v2uph0n-apne, 
3c-kQMkCycY, r1---sn-v2uph0n-apne, 
3cETtDC59-I, r1---sn-v2uph0n-apne, 
3cIsbC39t6E, r3---sn-v2uph0n-apne, 
3ckKwnaQ7Qs, r2---sn-v2uph0n-apne, 
3czhrqXmSLk, r1---sn-v2uph0n-apne, 
3dbt6GrrVAE, r1---sn-v2uph0n-apne, 
3dkKkI6Od84, r4---sn-v2uph0n-apne, 
3dp_aoaOUpM, r1---sn-v2uph0n-apne, 
3eOuK-pYhy4, r4---sn-v2uph0n-apne, 
3f0qLDS5fg0, r1---sn-v2uph0n-apne, 
3fD1DPpzVUQ, r2---sn-v2uph0n-apne, 
3fHEE-yb608, r1---sn-v2uph0n-apne, 
3fdOJ9E8pqA, r1---sn-v2uph0n-apne, 
3fwPdByfoyY, r3---sn-v2uph0n-apne, 
3g1DMaadeM0, r1---sn-v2uph0n-apne, 
3g81LlGmusA, r2---sn-v2uph0n-apne, 
3gd6xOOgKfk, r3---sn-v2uph0n-apne, 
3hO2aYqae1s, r4---sn-v2uph0n-apne, 
3i1rkhHUS5Q, r3---sn-v2uph0n-apne, 
3i2gtwj8Sow, r2---sn-v2uph0n-apne, 
3iFijPWNuDc, r2---sn-v2uph0n-apne, 
3iYU5gLBKpI, r4---sn-v2uph0n-apne, 
3j34SldFc6I, r3---sn-v2uph0n-apne, 
3jggGudc3Ag, r4---sn-v2uph0n-apne, 
3kSl6XThvRo, r1---sn-v2uph0n-apne, 
3kr4aUDi3XM, r4---sn-v2uph0n-apne, 
3luT98MAn0k, r2---sn-v2uph0n-apne, 
3m7yffsxXdo, r3---sn-v2uph0n-apne, 
3nuqAnJSkQg, r3---sn-v2uph0n-apne, 
3nvvIjdW-HM, r1---sn-v2uph0n-apne, 
3oUiYbRyYeg, r4---sn-v2uph0n-apne, 
3oX8dZ-oMXI, r3---sn-v2uph0n-apne, 
3phbbdw65xM, r1---sn-v2uph0n-apne, 
3pxagKWl524, r2---sn-v2uph0n-apne, 
3pxsm-qiQ5M, r3---sn-v2uph0n-apne, 
3q4t3JQir8k, r1---sn-v2uph0n-apne, 
3qAuh4SQ4jk, r2---sn-v2uph0n-apne, 
3qJ6efuKbts, r4---sn-v2uph0n-apne, 
3qiSrBbOl6k, r3---sn-v2uph0n-apne, 
3rXVKgPB7Pk, r4---sn-v2uph0n-apne, 
3sKj513Rems, r1---sn-v2uph0n-apne, 
3t3iYx5vPOc, r2---sn-v2uph0n-apne, 
3uB-aSoLNv4, r4---sn-v2uph0n-apne, 
3uQqGUNCgfI, r2---sn-v2uph0n-apne, 
3u_Hp2VCAuE, r1---sn-v2uph0n-apne, 
3uamlNqBkI0, r3---sn-v2uph0n-apne, 
3vAGszFY2Yk, r1---sn-v2uph0n-apne, 
3vHdGW8wYs4, r4---sn-v2uph0n-apne, 
3wwjthOsbE4, r3---sn-v2uph0n-apne, 
3xKM3YMIWlA, r4---sn-v2uph0n-apne, 
3xcm1ZpC7Fg, r2---sn-v2uph0n-apne, 
3xcst2YVKk4, r3---sn-v2uph0n-apne, 
3xs733XU25E, r3---sn-v2uph0n-apne, 
3yHb0jwd45c, r2---sn-v2uph0n-apne, 
3ycwssho83k, r2---sn-v2uph0n-apne, 
3yoROVD-3KQ, r4---sn-v2uph0n-apne, 
3yvZ-9-AElg, r2---sn-v2uph0n-apne, 
3z6gNpWbRrk, r4---sn-v2uph0n-apne, 
3zVNXsmOoV4, r3---sn-v2uph0n-apne, 
4-7A1TYsOok, r2---sn-v2uph0n-apne, 
4-N4rgY_sJY, r4---sn-v2uph0n-apne, 
4-S9ilhLPGY, r2---sn-v2uph0n-apne, 
4-fUyuVvBgs, r3---sn-v2uph0n-apne, 
4-gAZBll_u4, r2---sn-v2uph0n-apne, 
40dumgemaNI, r4---sn-v2uph0n-apne, 
416_-roMOYU, r4---sn-v2uph0n-apne, 
41k2QobF_5I, r3---sn-v2uph0n-apne, 
41zaP0kp4bc, r1---sn-v2uph0n-apne, 
42AD12KFgmE, r2---sn-v2uph0n-apne, 
42jTiIYPfMM, r3---sn-v2uph0n-apne, 
43EKhlgWaoI, r1---sn-v2uph0n-apne, 
43IHs0jF8MY, r3---sn-v2uph0n-apne, 
43TDFyxNkVA, r1---sn-v2uph0n-apne, 
43oxfgjuapQ, r1---sn-v2uph0n-apne, 
44412w2OoPs, r3---sn-v2uph0n-apne, 
444B2Dx3dDU, r3---sn-v2uph0n-apne, 
44QLRzavGco, r4---sn-v2uph0n-apne, 
44t117pjoR8, r3---sn-v2uph0n-apne, 
45QbSCgcX5Q, r2---sn-v2uph0n-apne, 
45_0Sc-OGko, r4---sn-v2uph0n-apne, 
45eoOLOxINA, r2---sn-v2uph0n-apne, 
45y3rqYyPk8, r3---sn-v2uph0n-apne, 
467VAgQ8b9I, r2---sn-v2uph0n-apne, 
468Wl5CPVRc, r4---sn-v2uph0n-apne, 
46INst8umog, r2---sn-v2uph0n-apne, 
47H9CYPbJEA, r1---sn-v2uph0n-apne, 
48eiXcYzvY4, r2---sn-v2uph0n-apne, 
49IrOGXbKCk, r4---sn-v2uph0n-apne, 
49eMBTE4iSs, r3---sn-v2uph0n-apne, 
4A4h2DCZK6w, r3---sn-v2uph0n-apne, 
4AdiHbPMJYQ, r4---sn-v2uph0n-apne, 
4AqWmaFDE_Y, r2---sn-v2uph0n-apne, 
4BMXrRsSlLo, r4---sn-v2uph0n-apne, 
4DO8GsIYfhQ, r4---sn-v2uph0n-apne, 
4DgjQZBxM8s, r4---sn-v2uph0n-apne, 
4DqH32racGM, r3---sn-v2uph0n-apne, 
4DvOvL_Bu_c, r2---sn-v2uph0n-apne, 
4DzUWfp_0og, r1---sn-v2uph0n-apne, 
4Eo_iPhjgLM, r1---sn-v2uph0n-apne, 
4FGp3bNkvEc, r1---sn-v2uph0n-apne, 
4FGxqTis7ek, r2---sn-v2uph0n-apne, 
4FHv533acUk, r1---sn-v2uph0n-apne, 
4FdNuc7_q9s, r4---sn-v2uph0n-apne, 
4G5dCbU5aN0, r3---sn-v2uph0n-apne, 
4GRUCJT_h3k, r1---sn-v2uph0n-apne, 
4GcpJ-YbUqs, r4---sn-v2uph0n-apne, 
4HM4yj6itoQ, r1---sn-v2uph0n-apne, 
4HiXHGb5s2U, r4---sn-v2uph0n-apne, 
4Hu7kP04QLo, r4---sn-v2uph0n-apne, 
4I6aMJ1DrCc, r2---sn-v2uph0n-apne, 
4IE0e7xo7EQ, r1---sn-v2uph0n-apne, 
4IrSrNYQG0s, r2---sn-v2uph0n-apne, 
4IviYsuPseE, r3---sn-v2uph0n-apne, 
4JZjnNsrtdk, r4---sn-v2uph0n-apne, 
4Jpdb1VrcoU, r4---sn-v2uph0n-apne, 
4KLW_XuhQKk, r4---sn-v2uph0n-apne, 
4L5Q0_5I4cE, r4---sn-v2uph0n-apne, 
4LDUskqaTZw, r4---sn-v2uph0n-apne, 
4MH8cRfYOqU, r1---sn-v2uph0n-apne, 
4MMqqps2hg8, r1---sn-v2uph0n-apne, 
4MOry5MjNIY, r4---sn-v2uph0n-apne, 
4Mmq16h9CO8, r3---sn-v2uph0n-apne, 
4NKH2OPcwlw, r3---sn-v2uph0n-apne, 
4NKplbD-zAs, r4---sn-v2uph0n-apne, 
4NZKDUkQRyA, r1---sn-v2uph0n-apne, 
4N_9S6P5H7U, r4---sn-v2uph0n-apne, 
4NoKUUwmjPs, r2---sn-v2uph0n-apne, 
4NpXL-jPkb8, r3---sn-v2uph0n-apne, 
4NyU3vw7lWo, r1---sn-v2uph0n-apne, 
4O1dQ8Xuu2A, r2---sn-v2uph0n-apne, 
4O2yx8eSfsc, r3---sn-v2uph0n-apne, 
4OCRUF2PYeA, r2---sn-v2uph0n-apne, 
4OeziRTGvu4, r2---sn-v2uph0n-apne, 
4Ok3TsOlssE, r1---sn-v2uph0n-apne, 
4PCgJGxz-FU, r1---sn-v2uph0n-apne, 
4Pl1SL_yW4A, r3---sn-v2uph0n-apne, 
4QHRqIDFuyY, r1---sn-v2uph0n-apne, 
4QYy2MgYMvE, r4---sn-v2uph0n-apne, 
4RRG-pEkp10, r3---sn-v2uph0n-apne, 
4S0cuF8-iA0, r2---sn-v2uph0n-apne, 
4SSjnRYTaDU, r4---sn-v2uph0n-apne, 
4SccZry_Z4U, r4---sn-v2uph0n-apne, 
4Sdgk1QRGWM, r2---sn-v2uph0n-apne, 
4TCvUhVGn6Y, r2---sn-v2uph0n-apne, 
4ThvBNZdGcQ, r3---sn-v2uph0n-apne, 
4USzKfA1KjE, r1---sn-v2uph0n-apne, 
4UXT5Y78X0o, r3---sn-v2uph0n-apne, 
4VVBIroFS_4, r3---sn-v2uph0n-apne, 
4VYuzNJZ1vc, r1---sn-v2uph0n-apne, 
4VZy8jvoT1s, r2---sn-v2uph0n-apne, 
4VeqfR5DozA, r2---sn-v2uph0n-apne, 
4VwMA0yF5xk, r2---sn-v2uph0n-apne, 
4WL-vXRwATI, r2---sn-v2uph0n-apne, 
4WggLJ0FLJY, r1---sn-v2uph0n-apne, 
4XlY76LQp20, r1---sn-v2uph0n-apne, 
4Zug2HR3BYQ, r3---sn-v2uph0n-apne, 
4_bxxgZl0Bw, r1---sn-v2uph0n-apne, 
4_tsmwLWfqs, r2---sn-v2uph0n-apne, 
4a1X2FiTy3I, r2---sn-v2uph0n-apne, 
4arHJqkzbUI, r4---sn-v2uph0n-apne, 
4bMWyL6MyEg, r2---sn-v2uph0n-apne, 
4bc-tAmxktI, r3---sn-v2uph0n-apne, 
4bzxmiqLCvo, r4---sn-v2uph0n-apne, 
4cHIMdEq_pA, r2---sn-v2uph0n-apne, 
4cf7S1RHyhg, r1---sn-v2uph0n-apne, 
4cr7CkW-8H0, r3---sn-v2uph0n-apne, 
4ddiltXWXio, r4---sn-v2uph0n-apne, 
4e-vk3hVuyY, r3---sn-v2uph0n-apne, 
4eJ_-OyEMOE, r3---sn-v2uph0n-apne, 
4f4hwuADsVk, r3---sn-v2uph0n-apne, 
4f5XHqcvZ2c, r2---sn-v2uph0n-apne, 
4h1h6XArFSI, r2---sn-v2uph0n-apne, 
4h3k1RWmHrk, r4---sn-v2uph0n-apne, 
4hiWZp8tmYU, r3---sn-v2uph0n-apne, 
4hjKiXluW5U, r4---sn-v2uph0n-apne, 
4iSmS-pX5ws, r4---sn-v2uph0n-apne, 
4jOSyg9p1AQ, r4---sn-v2uph0n-apne, 
4j_E7ETCaEk, r2---sn-v2uph0n-apne, 
4jaIEpNtuwU, r1---sn-v2uph0n-apne, 
4kGvlESGvbs, r3---sn-v2uph0n-apne, 
4kXzMZUGFWk, r2---sn-v2uph0n-apne, 
4l1-GMhEWaA, r2---sn-v2uph0n-apne, 
4lDXqXmx1To, r3---sn-v2uph0n-apne, 
4lnHUZMpYDQ, r3---sn-v2uph0n-apne, 
4m4z8iQozCg, r4---sn-v2uph0n-apne, 
4mBZnCjhtGM, r1---sn-v2uph0n-apne, 
4mpYfbaMe94, r3---sn-v2uph0n-apne, 
4n4Cf2OSnBI, r2---sn-v2uph0n-apne, 
4n_r8X3EBJY, r3---sn-v2uph0n-apne, 
4orEvBZiq2k, r4---sn-v2uph0n-apne, 
4ph0GWB1XsY, r3---sn-v2uph0n-apne, 
4q22sze6rmk, r4---sn-v2uph0n-apne, 
4qXYiGqToSE, r1---sn-v2uph0n-apne, 
4qgu4SI6Er0, r2---sn-v2uph0n-apne, 
4qhbK8OCXd8, r1---sn-v2uph0n-apne, 
4qkun2sLTvU, r2---sn-v2uph0n-apne, 
4r1g-zWU2Zg, r4---sn-v2uph0n-apne, 
4s2w_IYbUdI, r2---sn-v2uph0n-apne, 
4sTHw7HEfHo, r3---sn-v2uph0n-apne, 
4sag2z3PzaU, r1---sn-v2uph0n-apne, 
4t_LJl9qFkA, r2---sn-v2uph0n-apne, 
4uCnNOI5Id4, r3---sn-v2uph0n-apne, 
4uhy5qiKHqY, r2---sn-v2uph0n-apne, 
4vOhDCZmB4M, r1---sn-v2uph0n-apne, 
4v_GPDybuQ0, r1---sn-v2uph0n-apne, 
4vp8sAtJlpg, r3---sn-v2uph0n-apne, 
4vpFe1i64sI, r2---sn-v2uph0n-apne, 
4vtoMn7qfN4, r4---sn-v2uph0n-apne, 
4w4bzCOoa_I, r3---sn-v2uph0n-apne, 
4wTzDhBZGys, r3---sn-v2uph0n-apne, 
4xEb2kjV6T4, r3---sn-v2uph0n-apne, 
4yaia67rias, r2---sn-v2uph0n-apne, 
4yeU-Ma3080, r1---sn-v2uph0n-apne, 
4yiABmIQHXA, r4---sn-v2uph0n-apne, 
4yt3_AlWcfc, r4---sn-v2uph0n-apne, 
4zMkvvua3pQ, r2---sn-v2uph0n-apne, 
4zbjEFjXek8, r2---sn-v2uph0n-apne, 
4zlx4xvidnc, r2---sn-v2uph0n-apne, 
5-GBXXeFkE0, r1---sn-v2uph0n-apne, 
5-KoN_yCKKs, r3---sn-v2uph0n-apne, 
5-bdqPkoRZY, r2---sn-v2uph0n-apne, 
5-hdeRNy5aI, r3---sn-v2uph0n-apne, 
51NZpt-dO-Y, r4---sn-v2uph0n-apne, 
51Px3oEjnVk, r2---sn-v2uph0n-apne, 
51e5KjQGxa0, r3---sn-v2uph0n-apne, 
52X8kjCT8s0, r2---sn-v2uph0n-apne, 
52rVLk_1qDE, r3---sn-v2uph0n-apne, 
538HWrbHLtg, r4---sn-v2uph0n-apne, 
545WQt7N7fU, r4---sn-v2uph0n-apne, 
54nrE91h55Y, r4---sn-v2uph0n-apne, 
55F5WNc9cHE, r2---sn-v2uph0n-apne, 
55XImbM0Ctw, r1---sn-v2uph0n-apne, 
55XrXoXO5b8, r1---sn-v2uph0n-apne, 
55ngKyf9a8w, r4---sn-v2uph0n-apne, 
55utb8hEFuE, r3---sn-v2uph0n-apne, 
567AiktKCBQ, r1---sn-v2uph0n-apne, 
5683AJHQHI8, r1---sn-v2uph0n-apne, 
56K1dgW__WY, r3---sn-v2uph0n-apne, 
57A18PeuhX0, r2---sn-v2uph0n-apne, 
57cS3WAAuOU, r3---sn-v2uph0n-apne, 
57rRZ2f43xE, r3---sn-v2uph0n-apne, 
58QOBqAWNzE, r1---sn-v2uph0n-apne, 
58d6R7xx2QA, r4---sn-v2uph0n-apne, 
58hMog3XuuY, r2---sn-v2uph0n-apne, 
592MOBm-CW0, r4---sn-v2uph0n-apne, 
5AEfuFPShTs, r1---sn-v2uph0n-apne, 
5AqmT8hzWpk, r3---sn-v2uph0n-apne, 
5AwEMc37lF0, r2---sn-v2uph0n-apne, 
5Bx4Fs_pbvg, r3---sn-v2uph0n-apne, 
5C5qe7soaBU, r2---sn-v2uph0n-apne, 
5C750PjmPBI, r2---sn-v2uph0n-apne, 
5DUU71utAUE, r4---sn-v2uph0n-apne, 
5DVScYqVKgs, r3---sn-v2uph0n-apne, 
5DWYhVnxB4E, r3---sn-v2uph0n-apne, 
5DYrQKQH2R0, r4---sn-v2uph0n-apne, 
5E3Gg_OphDU, r4---sn-v2uph0n-apne, 
5EANoxE2t3o, r2---sn-v2uph0n-apne, 
5EHJvgmh9w8, r4---sn-v2uph0n-apne, 
5EN5Zgsmyk0, r1---sn-v2uph0n-apne, 
5ETtOrAcktA, r3---sn-v2uph0n-apne, 
5EZput9Mshw, r3---sn-v2uph0n-apne, 
5F5gCRn7fAI, r3---sn-v2uph0n-apne, 
5Fe3dbIQX-I, r4---sn-v2uph0n-apne, 
5FxqWEjLkxE, r2---sn-v2uph0n-apne, 
5Glq5tJ-KJU, r1---sn-v2uph0n-apne, 
5HAxL4V5yL4, r2---sn-v2uph0n-apne, 
5HXZKfaNyGM, r3---sn-v2uph0n-apne, 
5Hj2WNT5zBg, r2---sn-v2uph0n-apne, 
5IS1HpDUtK0, r3---sn-v2uph0n-apne, 
5Jd_HIQTegA, r2---sn-v2uph0n-apne, 
5KJSDyIyvV8, r4---sn-v2uph0n-apne, 
5KTb_uCiqfU, r3---sn-v2uph0n-apne, 
5LGZcYURp4w, r4---sn-v2uph0n-apne, 
5LeGOVP6W0w, r3---sn-v2uph0n-apne, 
5LyD58Okqbw, r4---sn-v2uph0n-apne, 
5M0JAzeTh8c, r3---sn-v2uph0n-apne, 
5M6RyqqEYp0, r3---sn-v2uph0n-apne, 
5MbN81MAJFM, r3---sn-v2uph0n-apne, 
5MdOYG4SZjM, r2---sn-v2uph0n-apne, 
5MgtK6gkkAA, r3---sn-v2uph0n-apne, 
5N7C-Phk90U, r4---sn-v2uph0n-apne, 
5NUw1hLjaG4, r4---sn-v2uph0n-apne, 
5Nfqfy5BZlg, r1---sn-v2uph0n-apne, 
5NnhNc9zPEI, r1---sn-v2uph0n-apne, 
5NsfRHXX89I, r2---sn-v2uph0n-apne, 
5O7CuAZibEM, r4---sn-v2uph0n-apne, 
5OLNlMZcf48, r4---sn-v2uph0n-apne, 
5O_dJC6XC3w, r1---sn-v2uph0n-apne, 
5PAUcJBrQhI, r4---sn-v2uph0n-apne, 
5PRH3iD-lGU, r1---sn-v2uph0n-apne, 
5PW3OJb8lNs, r1---sn-v2uph0n-apne, 
5PsWLj97NVw, r3---sn-v2uph0n-apne, 
5PsoM_GDIAg, r1---sn-v2uph0n-apne, 
5Pze_mdbOK8, r3---sn-v2uph0n-apne, 
5S5184SwlBA, r2---sn-v2uph0n-apne, 
5SAbU4yWImc, r2---sn-v2uph0n-apne, 
5S_DdrMkBl8, r4---sn-v2uph0n-apne, 
5Sa-4eN5MLU, r4---sn-v2uph0n-apne, 
5T4Ve3Nep-s, r2---sn-v2uph0n-apne, 
5TRDI_2-c-I, r1---sn-v2uph0n-apne, 
5TZmrowwA5c, r2---sn-v2uph0n-apne, 
5TfELd4oGd0, r4---sn-v2uph0n-apne, 
5To-iXGEb4k, r2---sn-v2uph0n-apne, 
5UpCouGdHJg, r4---sn-v2uph0n-apne, 
5V18yk6nIMY, r4---sn-v2uph0n-apne, 
5Vn9-OvUHKU, r4---sn-v2uph0n-apne, 
5Wg0Vs-OziA, r2---sn-v2uph0n-apne, 
5WydKoVuDyw, r4---sn-v2uph0n-apne, 
5XR6qXrKg1A, r2---sn-v2uph0n-apne, 
5Xmg0uVsPpk, r4---sn-v2uph0n-apne, 
5Yhcz7VowFY, r1---sn-v2uph0n-apne, 
5ZDbr7eg2_I, r4---sn-v2uph0n-apne, 
5ZKweGvtBHk, r2---sn-v2uph0n-apne, 
5ZmvmCIWmec, r1---sn-v2uph0n-apne, 
5ZpVGGd3qjQ, r2---sn-v2uph0n-apne, 
5Ztf0Z4r1PI, r1---sn-v2uph0n-apne, 
5_zZIDKC3Tw, r1---sn-v2uph0n-apne, 
5aPz0Gcgx8A, r2---sn-v2uph0n-apne, 
5anLPw0Efmo, r2---sn-v2uph0n-apne, 
5bSYKT9IAFQ, r2---sn-v2uph0n-apne, 
5bhVS7Dxa18, r3---sn-v2uph0n-apne, 
5bo02Jh5OXE, r4---sn-v2uph0n-apne, 
5boMFfauhfQ, r4---sn-v2uph0n-apne, 
5bwUYWxTbLQ, r1---sn-v2uph0n-apne, 
5cAYAg2qwDk, r4---sn-v2uph0n-apne, 
5cJQi3s1W1M, r2---sn-v2uph0n-apne, 
5ccyG0iY73s, r1---sn-v2uph0n-apne, 
5csqYKwU5Zo, r1---sn-v2uph0n-apne, 
5f5XcAFQhcg, r3---sn-v2uph0n-apne, 
5f6XgwmBS4w, r2---sn-v2uph0n-apne, 
5fH8h4G_N-o, r2---sn-v2uph0n-apne, 
5fOmy4_RAMw, r1---sn-v2uph0n-apne, 
5fPczGliiJo, r3---sn-v2uph0n-apne, 
5fpjE60I4t4, r3---sn-v2uph0n-apne, 
5g4umjlHCdU, r3---sn-v2uph0n-apne, 
5gkn-voZJxg, r2---sn-v2uph0n-apne, 
5hNou3O8UYg, r4---sn-v2uph0n-apne, 
5hTIEmtvpgk, r2---sn-v2uph0n-apne, 
5hvDO88egSs, r2---sn-v2uph0n-apne, 
5i3_om9CZQk, r1---sn-v2uph0n-apne, 
5jlFy6Mw3II, r1---sn-v2uph0n-apne, 
5jvFvIEJZmI, r1---sn-v2uph0n-apne, 
5kCYtRbGyRM, r1---sn-v2uph0n-apne, 
5kJxyPPPZu4, r3---sn-v2uph0n-apne, 
5knDYGkomGA, r4---sn-v2uph0n-apne, 
5kw5MvMrgLs, r3---sn-v2uph0n-apne, 
5kyzaI8lDRk, r3---sn-v2uph0n-apne, 
5l-lpu7RCFc, r2---sn-v2uph0n-apne, 
5l7WtzTNemE, r3---sn-v2uph0n-apne, 
5n5P4FUD4K0, r2---sn-v2uph0n-apne, 
5n6W7X7NVcQ, r2---sn-v2uph0n-apne, 
5o7Uof-lyXc, r2---sn-v2uph0n-apne, 
5oD0DfAu1u8, r2---sn-v2uph0n-apne, 
5p5f864BDoc, r1---sn-v2uph0n-apne, 
5pP2cCry3So, r4---sn-v2uph0n-apne, 
5rJbx0WmGv4, r1---sn-v2uph0n-apne, 
5rOiW_xY-kc, r4---sn-v2uph0n-apne, 
5rUAUSah4No, r1---sn-v2uph0n-apne, 
5sAl-DoYu_A, r1---sn-v2uph0n-apne, 
5sTJ4OXOoZE, r1---sn-v2uph0n-apne, 
5t7z6PqlbyQ, r3---sn-v2uph0n-apne, 
5tdfj2PpQPk, r3---sn-v2uph0n-apne, 
5typtgHs3CE, r1---sn-v2uph0n-apne, 
5uts9ty4BYo, r1---sn-v2uph0n-apne, 
5v_WlNIFK-k, r4---sn-v2uph0n-apne, 
5vtuGRzavNI, r3---sn-v2uph0n-apne, 
5wLfOZiAd8Y, r1---sn-v2uph0n-apne, 
5wzj0Gm-5l8, r3---sn-v2uph0n-apne, 
5x-k3vxh4bg, r3---sn-v2uph0n-apne, 
5zO1a_UaXr4, r1---sn-v2uph0n-apne, 
5zk26zYUZV4, r4---sn-v2uph0n-apne, 
5zxvTI3HTb4, r4---sn-v2uph0n-apne, 
5zzVxcHpnAM, r2---sn-v2uph0n-apne, 
6--ypnMf3dQ, r4---sn-v2uph0n-apne, 
6-I4p7CwYGU, r4---sn-v2uph0n-apne, 
6-IcUCi6Dfs, r4---sn-v2uph0n-apne, 
6-tSZaGrjCE, r4---sn-v2uph0n-apne, 
61Ddp3XI5sE, r3---sn-v2uph0n-apne, 
61XYzMvjQ2k, r2---sn-v2uph0n-apne, 
61mxhixANOA, r4---sn-v2uph0n-apne, 
621Q0RIWBKo, r1---sn-v2uph0n-apne, 
62eq6ovcRS8, r4---sn-v2uph0n-apne, 
63PRB8Y9vo8, r2---sn-v2uph0n-apne, 
63X9UyBSAi4, r4---sn-v2uph0n-apne, 
63d1-kTupIE, r2---sn-v2uph0n-apne, 
63jybHk67eU, r2---sn-v2uph0n-apne, 
63l537GzTJc, r1---sn-v2uph0n-apne, 
63y4sXRi3bk, r1---sn-v2uph0n-apne, 
64Akaz43fgY, r3---sn-v2uph0n-apne, 
64haF0pmjiE, r3---sn-v2uph0n-apne, 
64nwzrVFOfE, r1---sn-v2uph0n-apne, 
65PJissBJMs, r3---sn-v2uph0n-apne, 
65yDS-Kf6Og, r3---sn-v2uph0n-apne, 
66-_ud3MrJ4, r3---sn-v2uph0n-apne, 
66c1oO-I5bQ, r3---sn-v2uph0n-apne, 
67kilolkiBg, r3---sn-v2uph0n-apne, 
67ytWD5YIoc, r1---sn-v2uph0n-apne, 
68Nal4r41ys, r2---sn-v2uph0n-apne, 
698WCBvCX0M, r1---sn-v2uph0n-apne, 
69iFyMvUDAc, r3---sn-v2uph0n-apne, 
6AKd-N1gi9U, r4---sn-v2uph0n-apne, 
6AY6q3jRQFY, r2---sn-v2uph0n-apne, 
6Aaf9T6u-GU, r4---sn-v2uph0n-apne, 
6Aro3AJ872k, r2---sn-v2uph0n-apne, 
6BFGBRRAPDA, r4---sn-v2uph0n-apne, 
6CD7WTE4j20, r4---sn-v2uph0n-apne, 
6CldqF3RMc4, r4---sn-v2uph0n-apne, 
6DCbo2EfwH8, r2---sn-v2uph0n-apne, 
6DJpH11pIF8, r1---sn-v2uph0n-apne, 
6DO0dsHhMf0, r1---sn-v2uph0n-apne, 
6DdIBLVzcgw, r3---sn-v2uph0n-apne, 
6ELoaNfugsI, r3---sn-v2uph0n-apne, 
6Ejga4kJUts, r2---sn-v2uph0n-apne, 
6EpurKEPA3M, r4---sn-v2uph0n-apne, 
6FEojU-HtNY, r1---sn-v2uph0n-apne, 
6FOcsxjMfW4, r2---sn-v2uph0n-apne, 
6FlRmDwS2_8, r4---sn-v2uph0n-apne, 
6FytlSPMkrk, r3---sn-v2uph0n-apne, 
6G1ropKhaFo, r3---sn-v2uph0n-apne, 
6GOTZa3xU2U, r3---sn-v2uph0n-apne, 
6HOjcDgmOP4, r4---sn-v2uph0n-apne, 
6HkHcC1N2PQ, r1---sn-v2uph0n-apne, 
6IQYnx9hH2Q, r3---sn-v2uph0n-apne, 
6JDm6MpZFlw, r1---sn-v2uph0n-apne, 
6JGksHF6eXk, r4---sn-v2uph0n-apne, 
6JoUPEeWiHE, r1---sn-v2uph0n-apne, 
6KdiZjDZ8eQ, r4---sn-v2uph0n-apne, 
6KdviedF9iM, r1---sn-v2uph0n-apne, 
6L1KfE8uzG4, r3---sn-v2uph0n-apne, 
6LW1dwrFl3A, r1---sn-v2uph0n-apne, 
6Ls2GbIpEzs, r3---sn-v2uph0n-apne, 
6Lwf2sGKaxs, r3---sn-v2uph0n-apne, 
6MRV4o55oIw, r3---sn-v2uph0n-apne, 
6MUa2iED1kI, r3---sn-v2uph0n-apne, 
6N2LeCAVc18, r2---sn-v2uph0n-apne, 
6NFGyyeGJKI, r1---sn-v2uph0n-apne, 
6NXnxTNIWkc, r2---sn-v2uph0n-apne, 
6NkA4ZRNISo, r4---sn-v2uph0n-apne, 
6O1IvF9c_t0, r3---sn-v2uph0n-apne, 
6O7pqOJi2w0, r4---sn-v2uph0n-apne, 
6OCCyIEpKr0, r3---sn-v2uph0n-apne, 
6OL3j0gYGUY, r1---sn-v2uph0n-apne, 
6OPHfLqQhds, r1---sn-v2uph0n-apne, 
6O_9769Rb30, r4---sn-v2uph0n-apne, 
6Okx00Ij7ho, r1---sn-v2uph0n-apne, 
6P_SjkewyKg, r2---sn-v2uph0n-apne, 
6Pbcw8Xytz8, r3---sn-v2uph0n-apne, 
6PjNWwhTdIA, r1---sn-v2uph0n-apne, 
6PqVKc0hptI, r1---sn-v2uph0n-apne, 
6QER37hafbU, r4---sn-v2uph0n-apne, 
6RKOAIioiU0, r1---sn-v2uph0n-apne, 
6SGe-NFheO0, r4---sn-v2uph0n-apne, 
6SLVkzWE45Q, r2---sn-v2uph0n-apne, 
6SiH6g5I0S4, r3---sn-v2uph0n-apne, 
6SsHXhAhO1Y, r3---sn-v2uph0n-apne, 
6TARLKgJ8Hc, r2---sn-v2uph0n-apne, 
6TCbamu0OGk, r1---sn-v2uph0n-apne, 
6TEntz6O4BE, r2---sn-v2uph0n-apne, 
6Tb_8cXQZIA, r4---sn-v2uph0n-apne, 
6TtqbdZ7NNg, r3---sn-v2uph0n-apne, 
6V0SeU-_ePA, r2---sn-v2uph0n-apne, 
6V88m5PlkqI, r2---sn-v2uph0n-apne, 
6VSgfSSn_PU, r2---sn-v2uph0n-apne, 
6VqRlO3wa1A, r4---sn-v2uph0n-apne, 
6VtkvcZzc-E, r1---sn-v2uph0n-apne, 
6WJFwOdWZew, r1---sn-v2uph0n-apne, 
6WtFIssv5Ls, r1---sn-v2uph0n-apne, 
6X3WNbBnNY0, r4---sn-v2uph0n-apne, 
6X4kZYeyStQ, r4---sn-v2uph0n-apne, 
6XCnvdzkaEo, r4---sn-v2uph0n-apne, 
6Xs9eSsYpIM, r2---sn-v2uph0n-apne, 
6YQGSfph4nw, r4---sn-v2uph0n-apne, 
6Z0v-thOv6Y, r3---sn-v2uph0n-apne, 
6ZOI1yUGPBQ, r2---sn-v2uph0n-apne, 
6ZkSYEVxppU, r2---sn-v2uph0n-apne, 
6ZzbDpBR3ao, r2---sn-v2uph0n-apne, 
6_A4A_NZKWs, r1---sn-v2uph0n-apne, 
6_Vn2uJNPfk, r2---sn-v2uph0n-apne, 
6aan8Dm0a9A, r4---sn-v2uph0n-apne, 
6aetCuFid6I, r4---sn-v2uph0n-apne, 
6b4S5Frx4VE, r1---sn-v2uph0n-apne, 
6b6YBgHMpWM, r4---sn-v2uph0n-apne, 
6b6sa7Yz0sI, r2---sn-v2uph0n-apne, 
6b8eyItptWE, r4---sn-v2uph0n-apne, 
6cVyH4XXbhM, r3---sn-v2uph0n-apne, 
6dG6_d1Hp5o, r3---sn-v2uph0n-apne, 
6dOyRhs9QVU, r3---sn-v2uph0n-apne, 
6dT3nLBgjdY, r2---sn-v2uph0n-apne, 
6da_hkzcdbs, r1---sn-v2uph0n-apne, 
6eD6eAU2exI, r3---sn-v2uph0n-apne, 
6eVkhb7qJvs, r2---sn-v2uph0n-apne, 
6emZ4TadoEE, r4---sn-v2uph0n-apne, 
6erEwx1OQbU, r3---sn-v2uph0n-apne, 
6exqDCYMa8s, r4---sn-v2uph0n-apne, 
6eylLa4V_F4, r2---sn-v2uph0n-apne, 
6fOzWW1uNPo, r3---sn-v2uph0n-apne, 
6fVSDDvylEA, r2---sn-v2uph0n-apne, 
6gPZtzBIWd0, r1---sn-v2uph0n-apne, 
6goZ6XSkq_Y, r3---sn-v2uph0n-apne, 
6hHi-erS1pM, r1---sn-v2uph0n-apne, 
6hTVI0NatZM, r3---sn-v2uph0n-apne, 
6hZrNU34SaI, r3---sn-v2uph0n-apne, 
6hhBm6QJI4k, r4---sn-v2uph0n-apne, 
6hywOkelbUQ, r2---sn-v2uph0n-apne, 
6hzrDeceEKc, r4---sn-v2uph0n-apne, 
6itKQMzTiKE, r1---sn-v2uph0n-apne, 
6jGaFwzTu5c, r3---sn-v2uph0n-apne, 
6ja6CSNKKtg, r3---sn-v2uph0n-apne, 
6jaiAjC2gR0, r4---sn-v2uph0n-apne, 
6jcJoOCxBNw, r4---sn-v2uph0n-apne, 
6kE3ejoC2Hc, r1---sn-v2uph0n-apne, 
6l2991v0_vs, r3---sn-v2uph0n-apne, 
6lm3aersLN4, r1---sn-v2uph0n-apne, 
6mAs0TD5__Q, r3---sn-v2uph0n-apne, 
6mc-7kaV1uc, r1---sn-v2uph0n-apne, 
6nArykutKcg, r1---sn-v2uph0n-apne, 
6nhXVwIPS9Q, r2---sn-v2uph0n-apne, 
6oFTWnc0szY, r2---sn-v2uph0n-apne, 
6oGfX8uBThc, r1---sn-v2uph0n-apne, 
6oKUTOLSeMM, r2---sn-v2uph0n-apne, 
6oLeejKbHbc, r1---sn-v2uph0n-apne, 
6oS1iRfKLZM, r2---sn-v2uph0n-apne, 
6oVPRNZG3XE, r2---sn-v2uph0n-apne, 
6pQJ4sLpsSk, r1---sn-v2uph0n-apne, 
6pT8ucjSdps, r4---sn-v2uph0n-apne, 
6pVuaY4kbns, r3---sn-v2uph0n-apne, 
6qa_xyUcCr8, r2---sn-v2uph0n-apne, 
6rPCx8mOky0, r3---sn-v2uph0n-apne, 
6rjQtZZtfZg, r4---sn-v2uph0n-apne, 
6sqvhBXRnVc, r3---sn-v2uph0n-apne, 
6syxA0ThR5Y, r3---sn-v2uph0n-apne, 
6t4nkD9bOis, r1---sn-v2uph0n-apne, 
6tQxqC7NyRI, r1---sn-v2uph0n-apne, 
6tcuq9yViaI, r3---sn-v2uph0n-apne, 
6thmPrTxBtI, r3---sn-v2uph0n-apne, 
6tpl9LtkRRw, r2---sn-v2uph0n-apne, 
6tsamNxGC9U, r4---sn-v2uph0n-apne, 
6tyyxjtAIaQ, r3---sn-v2uph0n-apne, 
6uARwVNQqvw, r2---sn-v2uph0n-apne, 
6uQFkKi_pp8, r2---sn-v2uph0n-apne, 
6uo2VDyoeS0, r2---sn-v2uph0n-apne, 
6ux1MUe5Qp8, r4---sn-v2uph0n-apne, 
6vBeRhUO3wk, r2---sn-v2uph0n-apne, 
6vlWsP_Z0UM, r1---sn-v2uph0n-apne, 
6vlf50jupuE, r3---sn-v2uph0n-apne, 
6w0rTIps9J8, r4---sn-v2uph0n-apne, 
6w7RmSGWrFY, r4---sn-v2uph0n-apne, 
6w8UScaJbpg, r1---sn-v2uph0n-apne, 
6wP-slACqdo, r4---sn-v2uph0n-apne, 
6wru-D3H_lU, r2---sn-v2uph0n-apne, 
6xmfLHXiAhA, r1---sn-v2uph0n-apne, 
6y9WZgbXM04, r1---sn-v2uph0n-apne, 
6yuH9-Alaqk, r4---sn-v2uph0n-apne, 
6ztPwia-ymQ, r4---sn-v2uph0n-apne, 
7--56I2I-W0, r2---sn-v2uph0n-apne, 
7-gKFQkjmGE, r3---sn-v2uph0n-apne, 
70aXFUdk0d8, r3---sn-v2uph0n-apne, 
71JqAPoDInI, r1---sn-v2uph0n-apne, 
71KRDtuCUEU, r1---sn-v2uph0n-apne, 
71R135nWr4I, r4---sn-v2uph0n-apne, 
71ckvbOoR4Y, r3---sn-v2uph0n-apne, 
72RdYOSYrpo, r3---sn-v2uph0n-apne, 
72aQ-zEnAB4, r3---sn-v2uph0n-apne, 
72l2-c14wT8, r2---sn-v2uph0n-apne, 
73AYDB2dUxk, r2---sn-v2uph0n-apne, 
73NGOmAbkZ0, r3---sn-v2uph0n-apne, 
73cWfFEKAfE, r3---sn-v2uph0n-apne, 
73zZD-tiHeU, r1---sn-v2uph0n-apne, 
742ruIdywTQ, r3---sn-v2uph0n-apne, 
74T8lME4qMw, r3---sn-v2uph0n-apne, 
74Twq0DqpOY, r1---sn-v2uph0n-apne, 
74fFZ2E7L_0, r1---sn-v2uph0n-apne, 
74n2uAoPPUI, r1---sn-v2uph0n-apne, 
74q0fh0HwL4, r4---sn-v2uph0n-apne, 
75IWFeziDaE, r1---sn-v2uph0n-apne, 
75Nu1zd5-ao, r3---sn-v2uph0n-apne, 
75QVGzHfci8, r3---sn-v2uph0n-apne, 
76093yP9294, r4---sn-v2uph0n-apne, 
763buDJd6_o, r3---sn-v2uph0n-apne, 
76enXtYG05U, r2---sn-v2uph0n-apne, 
77EmhwmRFbk, r2---sn-v2uph0n-apne, 
77ISP3DXH_w, r3---sn-v2uph0n-apne, 
77_aMCblLuQ, r3---sn-v2uph0n-apne, 
77v-qkYoqng, r1---sn-v2uph0n-apne, 
78-HQLYJnFA, r2---sn-v2uph0n-apne, 
79Fns8e1FCQ, r4---sn-v2uph0n-apne, 
79_Lj4atCyU, r3---sn-v2uph0n-apne, 
7A04kJrmbCk, r3---sn-v2uph0n-apne, 
7AEyy60-MrM, r1---sn-v2uph0n-apne, 
7AgXSkOACNI, r3---sn-v2uph0n-apne, 
7At6BhGOQzo, r4---sn-v2uph0n-apne, 
7Av0YaCPnAQ, r4---sn-v2uph0n-apne, 
7B77lX3Of2Q, r1---sn-v2uph0n-apne, 
7B9ua0dol8w, r1---sn-v2uph0n-apne, 
7BDmkkvoCYg, r4---sn-v2uph0n-apne, 
7BXfmE_qhNE, r2---sn-v2uph0n-apne, 
7BkDO4CcD_Y, r3---sn-v2uph0n-apne, 
7BvXCDEMZss, r2---sn-v2uph0n-apne, 
7C-kZCgmkXk, r1---sn-v2uph0n-apne, 
7CNjb0Uf4xY, r2---sn-v2uph0n-apne, 
7Cdu0g-DLGY, r3---sn-v2uph0n-apne, 
7Ck93ptYJGs, r1---sn-v2uph0n-apne, 
7Cnbi9y3gbg, r4---sn-v2uph0n-apne, 
7CsurzH9vKM, r1---sn-v2uph0n-apne, 
7DITb1Zmsg0, r3---sn-v2uph0n-apne, 
7Dr2ZB36p9Y, r4---sn-v2uph0n-apne, 
7ETepSTpFuE, r4---sn-v2uph0n-apne, 
7EaV1LgRu7g, r1---sn-v2uph0n-apne, 
7EhxwdBUnAE, r2---sn-v2uph0n-apne, 
7ErD9KBmFzQ, r4---sn-v2uph0n-apne, 
7HAItQbE7ME, r1---sn-v2uph0n-apne, 
7HCv5PMmz3E, r1---sn-v2uph0n-apne, 
7Hm42ZqRJcY, r3---sn-v2uph0n-apne, 
7I1iMENIubQ, r3---sn-v2uph0n-apne, 
7ItRdlMpzy0, r1---sn-v2uph0n-apne, 
7IuDFFB42Xs, r2---sn-v2uph0n-apne, 
7JOZQjZ_GIk, r1---sn-v2uph0n-apne, 
7JhxAxMjen8, r3---sn-v2uph0n-apne, 
7KELujs-5_U, r3---sn-v2uph0n-apne, 
7KTI8mkn1T8, r2---sn-v2uph0n-apne, 
7L2pd5_DdIs, r4---sn-v2uph0n-apne, 
7L4krBgQPTg, r3---sn-v2uph0n-apne, 
7L8ZhqapntU, r2---sn-v2uph0n-apne, 
7LXym0DuOiA, r3---sn-v2uph0n-apne, 
7Lj4m8bL5Fk, r1---sn-v2uph0n-apne, 
7M5BkIzMtN0, r3---sn-v2uph0n-apne, 
7Mti297ALts, r1---sn-v2uph0n-apne, 
7Mz43SnHtwI, r1---sn-v2uph0n-apne, 
7N7G8Ucrbkg, r1---sn-v2uph0n-apne, 
7NaSlaP-_3w, r4---sn-v2uph0n-apne, 
7Nk2iNjLYuk, r4---sn-v2uph0n-apne, 
7P1BECS5OIc, r3---sn-v2uph0n-apne, 
7P9MP_vBJ7I, r4---sn-v2uph0n-apne, 
7PAvzNEFU2g, r2---sn-v2uph0n-apne, 
7PGhtoJEOGY, r3---sn-v2uph0n-apne, 
7PeYvE5X9-E, r4---sn-v2uph0n-apne, 
7Pt43AVrs08, r2---sn-v2uph0n-apne, 
7PuwGikl2MU, r4---sn-v2uph0n-apne, 
7QC3r6T2WDs, r3---sn-v2uph0n-apne, 
7QiubxbzljA, r3---sn-v2uph0n-apne, 
7Ri0jUIKhdM, r4---sn-v2uph0n-apne, 
7Rl8UudBJFM, r1---sn-v2uph0n-apne, 
7S7JtiVTOEo, r2---sn-v2uph0n-apne, 
7SacJJQZyzY, r1---sn-v2uph0n-apne, 
7THRnbOYtzo, r2---sn-v2uph0n-apne, 
7TMPQoRupp8, r3---sn-v2uph0n-apne, 
7TreqVZBsmo, r3---sn-v2uph0n-apne, 
7TvzANsY-1c, r3---sn-v2uph0n-apne, 
7TxTD46gp2Y, r4---sn-v2uph0n-apne, 
7UFKHBzc6SY, r3---sn-v2uph0n-apne, 
7WdTmX9O_6Y, r4---sn-v2uph0n-apne, 
7WqU7s5Kr1E, r2---sn-v2uph0n-apne, 
7XH2D7SYBME, r2---sn-v2uph0n-apne, 
7Xc2-6HNImE, r4---sn-v2uph0n-apne, 
7Xg2qwSovWs, r3---sn-v2uph0n-apne, 
7Xpw4A7geKU, r1---sn-v2uph0n-apne, 
7Y0TWOttkVo, r3---sn-v2uph0n-apne, 
7Y17__uivpY, r2---sn-v2uph0n-apne, 
7Y6SxDkJgH8, r2---sn-v2uph0n-apne, 
7Yg2EdxnndA, r2---sn-v2uph0n-apne, 
7ZgQ07fxsR8, r1---sn-v2uph0n-apne, 
7_4tViZeo8E, r4---sn-v2uph0n-apne, 
7_7mPuY6bVw, r4---sn-v2uph0n-apne, 
7a0VUEz4SLk, r4---sn-v2uph0n-apne, 
7aEF5yb_kpk, r2---sn-v2uph0n-apne, 
7acsoyDZyOk, r3---sn-v2uph0n-apne, 
7asG5zDOp0k, r4---sn-v2uph0n-apne, 
7auErQnU6fU, r2---sn-v2uph0n-apne, 
7av5md5R7P0, r1---sn-v2uph0n-apne, 
7bWp783qFNg, r4---sn-v2uph0n-apne, 
7bYRsTHHFQw, r1---sn-v2uph0n-apne, 
7bbjFlvtnNQ, r2---sn-v2uph0n-apne, 
7dQ37A7BPKI, r3---sn-v2uph0n-apne, 
7dl3Z_-6_hI, r1---sn-v2uph0n-apne, 
7eYv_xOHwKY, r1---sn-v2uph0n-apne, 
7fBtXVhRjK8, r1---sn-v2uph0n-apne, 
7fW0yHdXlxE, r1---sn-v2uph0n-apne, 
7g3CYEIbfhU, r3---sn-v2uph0n-apne, 
7gALl_0dzFA, r1---sn-v2uph0n-apne, 
7gpudcanqLI, r4---sn-v2uph0n-apne, 
7h5TbL9HFco, r2---sn-v2uph0n-apne, 
7hJ2OJ-iFgc, r2---sn-v2uph0n-apne, 
7hNVzXj5viY, r3---sn-v2uph0n-apne, 
7hNZbI8BOjA, r1---sn-v2uph0n-apne, 
7hw2lkL4gao, r2---sn-v2uph0n-apne, 
7iAn8kIrw5M, r1---sn-v2uph0n-apne, 
7iGRYL23jbw, r4---sn-v2uph0n-apne, 
7iRZQUDTWe8, r3---sn-v2uph0n-apne, 
7iaz9Vp44bE, r2---sn-v2uph0n-apne, 
7iign7-nTbA, r4---sn-v2uph0n-apne, 
7j7Wn0-9JJs, r2---sn-v2uph0n-apne, 
7j8W_bl3KZ0, r4---sn-v2uph0n-apne, 
7jLvPTNNRPY, r1---sn-v2uph0n-apne, 
7jTxcvYu6EY, r4---sn-v2uph0n-apne, 
7jmKo7US0Kw, r3---sn-v2uph0n-apne, 
7k3j8flEACc, r3---sn-v2uph0n-apne, 
7knUFWY2P44, r2---sn-v2uph0n-apne, 
7lBQ17HwgI0, r4---sn-v2uph0n-apne, 
7lL1CW140FQ, r2---sn-v2uph0n-apne, 
7mBAdktz5Eg, r4---sn-v2uph0n-apne, 
7mY5ZO1Zp3k, r4---sn-v2uph0n-apne, 
7mep6GOAyIY, r3---sn-v2uph0n-apne, 
7mrbVPn3IEY, r1---sn-v2uph0n-apne, 
7n6g09tV8wg, r1---sn-v2uph0n-apne, 
7nEYX4uRvis, r4---sn-v2uph0n-apne, 
7nKySL5yaN0, r2---sn-v2uph0n-apne, 
7nRZ3ccw3B0, r3---sn-v2uph0n-apne, 
7nRcppxini0, r3---sn-v2uph0n-apne, 
7oKPYe53h78, r1---sn-v2uph0n-apne, 
7ojenF69LaE, r4---sn-v2uph0n-apne, 
7owWSWuayNA, r4---sn-v2uph0n-apne, 
7q85X50e9jg, r2---sn-v2uph0n-apne, 
7qgWvjaqWMc, r3---sn-v2uph0n-apne, 
7qvoFwtJiKQ, r4---sn-v2uph0n-apne, 
7rNQVk-NTgM, r2---sn-v2uph0n-apne, 
7reVFodw0rg, r2---sn-v2uph0n-apne, 
7rfXz1RdscM, r1---sn-v2uph0n-apne, 
7rv9qxDX3sc, r2---sn-v2uph0n-apne, 
7sfVsVtJi0Y, r1---sn-v2uph0n-apne, 
7srpGz-k_F8, r1---sn-v2uph0n-apne, 
7ss9C2dD5J8, r2---sn-v2uph0n-apne, 
7tG0Ve-oFWQ, r2---sn-v2uph0n-apne, 
7tJi8o0fW5k, r3---sn-v2uph0n-apne, 
7teCWSFlWJY, r3---sn-v2uph0n-apne, 
7toukuosjg8, r4---sn-v2uph0n-apne, 
7tyNHXidMU8, r4---sn-v2uph0n-apne, 
7uu2lE3MoRU, r3---sn-v2uph0n-apne, 
7vBRs-QQUNU, r1---sn-v2uph0n-apne, 
7vnxyVHy7OY, r2---sn-v2uph0n-apne, 
7wMiotha3LQ, r1---sn-v2uph0n-apne, 
7wS1UgrJgEQ, r2---sn-v2uph0n-apne, 
7wWmgFVZRlc, r2---sn-v2uph0n-apne, 
7x0QHxTrt6Y, r4---sn-v2uph0n-apne, 
7z2mkoPLE5A, r3---sn-v2uph0n-apne, 
80-URRDGfqs, r1---sn-v2uph0n-apne, 
80Ds8mHoZOU, r1---sn-v2uph0n-apne, 
80T2zOu1A0U, r3---sn-v2uph0n-apne, 
80piGPV-T-M, r1---sn-v2uph0n-apne, 
80zR7IoDWrU, r4---sn-v2uph0n-apne, 
81du6DbdTyk, r2---sn-v2uph0n-apne, 
81prwqltDeE, r1---sn-v2uph0n-apne, 
81uuarneUSA, r2---sn-v2uph0n-apne, 
828X7IhZ_1I, r2---sn-v2uph0n-apne, 
82yceFj4OuM, r1---sn-v2uph0n-apne, 
832JTKBifpU, r4---sn-v2uph0n-apne, 
83DRCh6a1BM, r3---sn-v2uph0n-apne, 
83JZ0_2qhWg, r1---sn-v2uph0n-apne, 
83MFg1Hix4k, r1---sn-v2uph0n-apne, 
83TDIcnRpRA, r4---sn-v2uph0n-apne, 
83TRKrCjWy4, r2---sn-v2uph0n-apne, 
83m7pfhodrw, r1---sn-v2uph0n-apne, 
83oeUnhAJkU, r3---sn-v2uph0n-apne, 
842KVhOEki0, r3---sn-v2uph0n-apne, 
844_gsPo-Sk, r1---sn-v2uph0n-apne, 
847r9h6yymg, r4---sn-v2uph0n-apne, 
84SRKJv4DrI, r3---sn-v2uph0n-apne, 
851l3KNWyzQ, r4---sn-v2uph0n-apne, 
85yYAf4EMT0, r3---sn-v2uph0n-apne, 
87Yg5GiJmQc, r4---sn-v2uph0n-apne, 
87aii3_lXX0, r2---sn-v2uph0n-apne, 
87ccNkcNQkk, r2---sn-v2uph0n-apne, 
88LF279_OmA, r2---sn-v2uph0n-apne, 
88QFPs8WLaM, r4---sn-v2uph0n-apne, 
88TimO61Vl4, r4---sn-v2uph0n-apne, 
88nVKPFvFmc, r3---sn-v2uph0n-apne, 
88pri-MdSpQ, r2---sn-v2uph0n-apne, 
88xjrxVMSZ0, r3---sn-v2uph0n-apne, 
89CpP0T5iiQ, r4---sn-v2uph0n-apne, 
89rzo9vdRAk, r4---sn-v2uph0n-apne, 
8A7woRoVwyM, r3---sn-v2uph0n-apne, 
8B-CTKcRutA, r3---sn-v2uph0n-apne, 
8BXppoAeFPU, r2---sn-v2uph0n-apne, 
8C1q18LB120, r1---sn-v2uph0n-apne, 
8CUN-jxPWZE, r2---sn-v2uph0n-apne, 
8DZJQjn3jV8, r2---sn-v2uph0n-apne, 
8E5Y2yEixPU, r4---sn-v2uph0n-apne, 
8ECtCPYmn3c, r4---sn-v2uph0n-apne, 
8EWINVP3B9A, r2---sn-v2uph0n-apne, 
8FTncBBYmNk, r3---sn-v2uph0n-apne, 
8FUzSd66gmQ, r1---sn-v2uph0n-apne, 
8FWrKe25M0E, r1---sn-v2uph0n-apne, 
8FkzQyE-wkA, r2---sn-v2uph0n-apne, 
8G6EnZEe4_E, r3---sn-v2uph0n-apne, 
8G6nD4EL_bY, r4---sn-v2uph0n-apne, 
8GaXK16_CP8, r2---sn-v2uph0n-apne, 
8GyqSXW_dOY, r3---sn-v2uph0n-apne, 
8Gyr1h_ll3A, r4---sn-v2uph0n-apne, 
8H-VIdLD_28, r4---sn-v2uph0n-apne, 
8H02tFA5k4Y, r3---sn-v2uph0n-apne, 
8H4Q1m7ZhyQ, r3---sn-v2uph0n-apne, 
8He90VvGZRY, r2---sn-v2uph0n-apne, 
8Hw-H8LcAlI, r4---sn-v2uph0n-apne, 
8IEyEurvb4g, r4---sn-v2uph0n-apne, 
8ImSoWvFA1g, r2---sn-v2uph0n-apne, 
8IyjO6pLbZo, r2---sn-v2uph0n-apne, 
8J7adPybQNw, r2---sn-v2uph0n-apne, 
8JFTw0QhJAY, r3---sn-v2uph0n-apne, 
8JL84X36iQE, r1---sn-v2uph0n-apne, 
8KJdbb-deoM, r3---sn-v2uph0n-apne, 
8LKJRttmvrA, r2---sn-v2uph0n-apne, 
8LsNJmwH2WA, r4---sn-v2uph0n-apne, 
8LszdvZecoI, r1---sn-v2uph0n-apne, 
8M15yHEnEJ0, r1---sn-v2uph0n-apne, 
8N1Beh_3OAE, r4---sn-v2uph0n-apne, 
8N3A4m0hGPk, r4---sn-v2uph0n-apne, 
8NHzv8dFTwo, r4---sn-v2uph0n-apne, 
8OcQ9A-5noM, r3---sn-v2uph0n-apne, 
8PAEQvoVfO0, r4---sn-v2uph0n-apne, 
8Pb5UdToTOI, r3---sn-v2uph0n-apne, 
8Qu8ciKGO38, r4---sn-v2uph0n-apne, 
8RQpPnP1wIk, r4---sn-v2uph0n-apne, 
8RWAT92KaHo, r4---sn-v2uph0n-apne, 
8S-vrtTPilc, r3---sn-v2uph0n-apne, 
8SIX7k194xQ, r3---sn-v2uph0n-apne, 
8SUAvjFJeu0, r4---sn-v2uph0n-apne, 
8SbUC-UaAxE, r2---sn-v2uph0n-apne, 
8TAAamS14Ok, r4---sn-v2uph0n-apne, 
8TDTMo1YUjg, r4---sn-v2uph0n-apne, 
8TLDrmNIy7w, r3---sn-v2uph0n-apne, 
8Uu2qTZxlk8, r3---sn-v2uph0n-apne, 
8V7ZxsNo3Dw, r1---sn-v2uph0n-apne, 
8VREbx3td8Y, r2---sn-v2uph0n-apne, 
8VqQ9UfAp-0, r3---sn-v2uph0n-apne, 
8VuKlPmvwXA, r1---sn-v2uph0n-apne, 
8WC_18Qfmww, r3---sn-v2uph0n-apne, 
8WNHy89wVQM, r2---sn-v2uph0n-apne, 
8WOUWb8R9C8, r1---sn-v2uph0n-apne, 
8XA9l-JPfW0, r3---sn-v2uph0n-apne, 
8XF0Dnt6HYw, r3---sn-v2uph0n-apne, 
8XOV2L-eM38, r1---sn-v2uph0n-apne, 
8XqPfQ9F9ok, r4---sn-v2uph0n-apne, 
8YbUyjt_MQQ, r3---sn-v2uph0n-apne, 
8YrkbYaAHA8, r3---sn-v2uph0n-apne, 
8ZF-MIV25Yg, r4---sn-v2uph0n-apne, 
8ZGW-B84jT8, r1---sn-v2uph0n-apne, 
8ZKzSCJeJjI, r3---sn-v2uph0n-apne, 
8ZRZ_VNgDsw, r1---sn-v2uph0n-apne, 
8ZZrE4URAro, r2---sn-v2uph0n-apne, 
8ZoFf4elEi0, r3---sn-v2uph0n-apne, 
8_KBQEGWjow, r3---sn-v2uph0n-apne, 
8_THLfTsZKg, r4---sn-v2uph0n-apne, 
8_X-TUWUCp8, r4---sn-v2uph0n-apne, 
8aEpWaXvzMM, r4---sn-v2uph0n-apne, 
8arBcz_x2L4, r4---sn-v2uph0n-apne, 
8bFMGKkWSok, r2---sn-v2uph0n-apne, 
8b_bjwq_h0o, r1---sn-v2uph0n-apne, 
8baHwR_Iht8, r1---sn-v2uph0n-apne, 
8c2ahBlTPz0, r2---sn-v2uph0n-apne, 
8c8lOMydcJU, r1---sn-v2uph0n-apne, 
8eVooLxknHY, r1---sn-v2uph0n-apne, 
8g2mZJobWoA, r4---sn-v2uph0n-apne, 
8gIyh75Ft4I, r4---sn-v2uph0n-apne, 
8gmigCt81qo, r3---sn-v2uph0n-apne, 
8hDbLw-xdQ8, r4---sn-v2uph0n-apne, 
8hZK0OBv-Qc, r1---sn-v2uph0n-apne, 
8hb43K7p-_s, r4---sn-v2uph0n-apne, 
8i00RoYuoow, r1---sn-v2uph0n-apne, 
8iQ-SIDmNSE, r1---sn-v2uph0n-apne, 
8iQGDgG_soY, r1---sn-v2uph0n-apne, 
8iTPIYK6qGc, r1---sn-v2uph0n-apne, 
8j3DmcKK92s, r4---sn-v2uph0n-apne, 
8kOi-j26Cvo, r4---sn-v2uph0n-apne, 
8kRkhxu0730, r1---sn-v2uph0n-apne, 
8knmzscpAJw, r4---sn-v2uph0n-apne, 
8lJWSpjY6To, r1---sn-v2uph0n-apne, 
8m05Gze4r_M, r1---sn-v2uph0n-apne, 
8mDAzWUTIPM, r3---sn-v2uph0n-apne, 
8meVkN-4Aes, r1---sn-v2uph0n-apne, 
8mzt8NW-1oc, r4---sn-v2uph0n-apne, 
8nXKxtqVPgQ, r1---sn-v2uph0n-apne, 
8nz2GF84FUE, r4---sn-v2uph0n-apne, 
8pClVvWzTYE, r3---sn-v2uph0n-apne, 
8pHMw_GR5ko, r4---sn-v2uph0n-apne, 
8pVHpKLtCTk, r1---sn-v2uph0n-apne, 
8ptfyhBjXj8, r1---sn-v2uph0n-apne, 
8qTKoDaNYo8, r2---sn-v2uph0n-apne, 
8qffY3TIGTU, r3---sn-v2uph0n-apne, 
8rGgU2_I-pU, r3---sn-v2uph0n-apne, 
8rb-DPedLa0, r3---sn-v2uph0n-apne, 
8sDKhng7l30, r3---sn-v2uph0n-apne, 
8sGbTHgeSAg, r3---sn-v2uph0n-apne, 
8sGn_Stez7A, r4---sn-v2uph0n-apne, 
8si979Uc4Ek, r3---sn-v2uph0n-apne, 
8tWWnvJf-tI, r4---sn-v2uph0n-apne, 
8tXhOrI8vzc, r4---sn-v2uph0n-apne, 
8tgQ75GxAZk, r3---sn-v2uph0n-apne, 
8tluYMxaJG8, r1---sn-v2uph0n-apne, 
8ty9tFnt6_U, r2---sn-v2uph0n-apne, 
8tyQlSQJgdk, r3---sn-v2uph0n-apne, 
8uo4ey0tBmg, r4---sn-v2uph0n-apne, 
8vE0AJ8BYu4, r2---sn-v2uph0n-apne, 
8vU-fPbzgww, r1---sn-v2uph0n-apne, 
8v_4O44sfjM, r1---sn-v2uph0n-apne, 
8wEi0WK93X4, r4---sn-v2uph0n-apne, 
8wqzKkDCo-o, r1---sn-v2uph0n-apne, 
8x2tG4X0cdc, r3---sn-v2uph0n-apne, 
8x66khydnJE, r1---sn-v2uph0n-apne, 
8xXvjBETZdQ, r2---sn-v2uph0n-apne, 
8xtxNfO22wI, r3---sn-v2uph0n-apne, 
8z145Kc2B7E, r1---sn-v2uph0n-apne, 
8zAcAM4nqXg, r4---sn-v2uph0n-apne, 
8zgfwj4FvIY, r1---sn-v2uph0n-apne, 
9-11cZupL-g, r2---sn-v2uph0n-apne, 
9-6lzlUUHZw, r1---sn-v2uph0n-apne, 
9-Gw2pfkv7U, r3---sn-v2uph0n-apne, 
9-ZigWzGb5c, r2---sn-v2uph0n-apne, 
9-gOP4vd60s, r3---sn-v2uph0n-apne, 
9-rpTakIllg, r4---sn-v2uph0n-apne, 
903NyR_ViaA, r1---sn-v2uph0n-apne, 
90_xj-zcO2I, r3---sn-v2uph0n-apne, 
90woukTJWAI, r3---sn-v2uph0n-apne, 
90ykrhaiUhI, r4---sn-v2uph0n-apne, 
929PFmt4Df4, r3---sn-v2uph0n-apne, 
92d7Wc_imeU, r3---sn-v2uph0n-apne, 
9383mJp5iPQ, r2---sn-v2uph0n-apne, 
94EfmRvXFqo, r4---sn-v2uph0n-apne, 
94gmToOm7R8, r4---sn-v2uph0n-apne, 
94oszRb0IZk, r2---sn-v2uph0n-apne, 
94qePZeYJ3A, r4---sn-v2uph0n-apne, 
96T3B0Pwl8Q, r4---sn-v2uph0n-apne, 
96aAx0kxVSA, r4---sn-v2uph0n-apne, 
977vKMUyC3Q, r3---sn-v2uph0n-apne, 
97E8bKTy--g, r3---sn-v2uph0n-apne, 
97n2Y8Wdgps, r4---sn-v2uph0n-apne, 
98crdYKTong, r1---sn-v2uph0n-apne, 
99cf0Nyn7Qs, r1---sn-v2uph0n-apne, 
9A7-eCdNHns, r4---sn-v2uph0n-apne, 
9ANzB3TYxTI, r3---sn-v2uph0n-apne, 
9BJFYsn3_F8, r2---sn-v2uph0n-apne, 
9BMwcO6_hyA, r2---sn-v2uph0n-apne, 
9BO_bEMPEoA, r1---sn-v2uph0n-apne, 
9DbA2OxMSk4, r1---sn-v2uph0n-apne, 
9DgU31jtaXo, r2---sn-v2uph0n-apne, 
9DiOhY1vXjo, r2---sn-v2uph0n-apne, 
9EE_J1jkZHQ, r2---sn-v2uph0n-apne, 
9EHAo6rEuas, r4---sn-v2uph0n-apne, 
9EnQy7TXA-k, r1---sn-v2uph0n-apne, 
9F3sJ-5I87w, r4---sn-v2uph0n-apne, 
9FE43F5hJYI, r3---sn-v2uph0n-apne, 
9GKqaBy88YQ, r1---sn-v2uph0n-apne, 
9GePN1Rf0MA, r2---sn-v2uph0n-apne, 
9Gv2bwdOUkA, r2---sn-v2uph0n-apne, 
9GweaS_8xcc, r2---sn-v2uph0n-apne, 
9H0Q3E6ZNxc, r3---sn-v2uph0n-apne, 
9H1Hs3kSZ4I, r3---sn-v2uph0n-apne, 
9IIWO4DQv9I, r3---sn-v2uph0n-apne, 
9IOcdIacmWM, r4---sn-v2uph0n-apne, 
9IS666rdafE, r3---sn-v2uph0n-apne, 
9ISi982Cc_E, r1---sn-v2uph0n-apne, 
9IZaqhPJ6wE, r2---sn-v2uph0n-apne, 
9Iv4vzZMqa8, r3---sn-v2uph0n-apne, 
9J8hqIc9w7Q, r4---sn-v2uph0n-apne, 
9JDODHsTjKI, r3---sn-v2uph0n-apne, 
9JOXbSZcgkk, r1---sn-v2uph0n-apne, 
9JYc15IHWYg, r3---sn-v2uph0n-apne, 
9JhsUFuqbCM, r4---sn-v2uph0n-apne, 
9JqlQbAQlHs, r4---sn-v2uph0n-apne, 
9JwCYBjuE6Y, r4---sn-v2uph0n-apne, 
9KCtJWKVYGU, r1---sn-v2uph0n-apne, 
9KETiiptWKM, r2---sn-v2uph0n-apne, 
9KjiBUpcG5g, r1---sn-v2uph0n-apne, 
9Ky11fJxWBA, r2---sn-v2uph0n-apne, 
9LTamJ8i-k8, r1---sn-v2uph0n-apne, 
9LsQw_RXwjQ, r2---sn-v2uph0n-apne, 
9NDaM0ZY6ZQ, r2---sn-v2uph0n-apne, 
9NK73CUUoTE, r2---sn-v2uph0n-apne, 
9NmtYhRaC0M, r4---sn-v2uph0n-apne, 
9Of26cWTuy0, r3---sn-v2uph0n-apne, 
9PB8M5u7lOI, r4---sn-v2uph0n-apne, 
9PB_6VnJCiE, r2---sn-v2uph0n-apne, 
9PTwPLpZbIM, r1---sn-v2uph0n-apne, 
9R9rdOyabHI, r2---sn-v2uph0n-apne, 
9RE3lWYWe2g, r1---sn-v2uph0n-apne, 
9Rr45611Be0, r3---sn-v2uph0n-apne, 
9SLB0VoqIWU, r2---sn-v2uph0n-apne, 
9SR_k8_mKgY, r3---sn-v2uph0n-apne, 
9TXITlSZP0g, r2---sn-v2uph0n-apne, 
9TvIqAAvMMs, r3---sn-v2uph0n-apne, 
9Ua-Ix9UGv8, r4---sn-v2uph0n-apne, 
9VCe4hIwsZY, r2---sn-v2uph0n-apne, 
9Vf4T8cgbwc, r3---sn-v2uph0n-apne, 
9W-4q4CcFsQ, r3---sn-v2uph0n-apne, 
9WT6aBGqVB4, r4---sn-v2uph0n-apne, 
9XNYHmo2p58, r2---sn-v2uph0n-apne, 
9XRP5aknJZY, r3---sn-v2uph0n-apne, 
9XtFAAtOFmM, r3---sn-v2uph0n-apne, 
9XzpruZLPk4, r4---sn-v2uph0n-apne, 
9Y5yFmk4KnE, r2---sn-v2uph0n-apne, 
9YGqGgLvdtg, r3---sn-v2uph0n-apne, 
9YMte4hdYu0, r1---sn-v2uph0n-apne, 
9YqEdIx27hI, r3---sn-v2uph0n-apne, 
9ZPu2t_rMZ8, r3---sn-v2uph0n-apne, 
9ZaP8nUJtnw, r3---sn-v2uph0n-apne, 
9ZndI-f6kLs, r1---sn-v2uph0n-apne, 
9ZqBV1eMb-U, r2---sn-v2uph0n-apne, 
9ZwQZMmI_Q0, r3---sn-v2uph0n-apne, 
9_hKXk2qSuw, r4---sn-v2uph0n-apne, 
9b2GX8RJvZU, r4---sn-v2uph0n-apne, 
9b8Y_RAexJ8, r3---sn-v2uph0n-apne, 
9bJfY7SNmWE, r1---sn-v2uph0n-apne, 
9bK05eBt1GM, r2---sn-v2uph0n-apne, 
9bLAD784F0M, r1---sn-v2uph0n-apne, 
9bVBFjgPFGU, r1---sn-v2uph0n-apne, 
9c7yr-NVtwA, r1---sn-v2uph0n-apne, 
9cDEv1wn1gg, r3---sn-v2uph0n-apne, 
9ctnDxZdBDY, r2---sn-v2uph0n-apne, 
9d8C6qx3oLY, r4---sn-v2uph0n-apne, 
9dMRBzO3cxA, r3---sn-v2uph0n-apne, 
9dUciLpLe5c, r1---sn-v2uph0n-apne, 
9e89NV9FMQo, r4---sn-v2uph0n-apne, 
9elSL7Y1nYc, r2---sn-v2uph0n-apne, 
9ewYMWNKf34, r1---sn-v2uph0n-apne, 
9f06QZCVUHg, r2---sn-v2uph0n-apne, 
9fJrJ3H2MDE, r2---sn-v2uph0n-apne, 
9frHlBwa-FI, r1---sn-v2uph0n-apne, 
9gH0-3c1RCw, r2---sn-v2uph0n-apne, 
9gglSz-Wt1A, r4---sn-v2uph0n-apne, 
9gzKwOcCOYA, r1---sn-v2uph0n-apne, 
9hDPgvTRnog, r2---sn-v2uph0n-apne, 
9hfne3o2eF0, r3---sn-v2uph0n-apne, 
9hhD-udTHmw, r1---sn-v2uph0n-apne, 
9hhg_7A6bdc, r2---sn-v2uph0n-apne, 
9iI3oV5xeuE, r2---sn-v2uph0n-apne, 
9j7fGj4t67M, r3---sn-v2uph0n-apne, 
9jRYbyT7WKY, r2---sn-v2uph0n-apne, 
9jv3ahYb-yk, r2---sn-v2uph0n-apne, 
9lMdj0SSJfE, r1---sn-v2uph0n-apne, 
9m1sp3ZpBFw, r3---sn-v2uph0n-apne, 
9m8OAKtKyBM, r4---sn-v2uph0n-apne, 
9mURGtQO8KE, r1---sn-v2uph0n-apne, 
9n69QerOXlM, r4---sn-v2uph0n-apne, 
9nJflZWZjIg, r3---sn-v2uph0n-apne, 
9nfu_bcDk_I, r4---sn-v2uph0n-apne, 
9nx2qIouPoU, r3---sn-v2uph0n-apne, 
9nyiCkZwO0g, r3---sn-v2uph0n-apne, 
9oCdAvyAsAo, r3---sn-v2uph0n-apne, 
9oI2NlVQ8eU, r4---sn-v2uph0n-apne, 
9p2JQGc58_0, r2---sn-v2uph0n-apne, 
9p5i8WA-NX0, r4---sn-v2uph0n-apne, 
9p8Z_dnhO3c, r1---sn-v2uph0n-apne, 
9pCkgUMmdvs, r1---sn-v2uph0n-apne, 
9q-jKsf_p9A, r4---sn-v2uph0n-apne, 
9qWZbv7c8fI, r4---sn-v2uph0n-apne, 
9r4qfcZh9iU, r3---sn-v2uph0n-apne, 
9r9kDHijsiA, r3---sn-v2uph0n-apne, 
9rZhl7iur2g, r1---sn-v2uph0n-apne, 
9ro0FW9Qt-4, r3---sn-v2uph0n-apne, 
9ruYNBSXL5E, r1---sn-v2uph0n-apne, 
9sFdF4hMIWs, r4---sn-v2uph0n-apne, 
9scHFApJuK4, r3---sn-v2uph0n-apne, 
9siW8cMYVQ4, r2---sn-v2uph0n-apne, 
9tKARIXj8qo, r3---sn-v2uph0n-apne, 
9tpJ60oQx1Y, r2---sn-v2uph0n-apne, 
9uP9b1qaAHM, r4---sn-v2uph0n-apne, 
9vyuMp0ntSs, r3---sn-v2uph0n-apne, 
9w6DHWCj5AE, r2---sn-v2uph0n-apne, 
9wBTsJmbr-g, r4---sn-v2uph0n-apne, 
9wIza52NCPU, r3---sn-v2uph0n-apne, 
9xh-HQe071M, r3---sn-v2uph0n-apne, 
9xigusAnQYU, r1---sn-v2uph0n-apne, 
9yiy4a_DvmQ, r4---sn-v2uph0n-apne, 
9yrKt25kRmE, r4---sn-v2uph0n-apne, 
9zC6CrRmlBA, r3---sn-v2uph0n-apne, 
9zL7c5Z0HDA, r3---sn-v2uph0n-apne, 
9zWne6NQEEQ, r3---sn-v2uph0n-apne, 
9zjwJpGy1CI, r2---sn-v2uph0n-apne, 
9zyEm_5cBeg, r1---sn-v2uph0n-apne, 
A-7E48N2XD0, r3---sn-v2uph0n-apne, 
A-B-Fc1QKXs, r4---sn-v2uph0n-apne, 
A-IuMiakx7E, r1---sn-v2uph0n-apne, 
A-NtZj5oa0I, r1---sn-v2uph0n-apne, 
A07eXeOyvKI, r1---sn-v2uph0n-apne, 
A0OaDNV1Lvs, r3---sn-v2uph0n-apne, 
A0Ob7EKrfGk, r2---sn-v2uph0n-apne, 
A0SYDkEUR6A, r4---sn-v2uph0n-apne, 
A0VvvoZHzKU, r2---sn-v2uph0n-apne, 
A0rIatzDIBM, r3---sn-v2uph0n-apne, 
A11WBuIzr6A, r1---sn-v2uph0n-apne, 
A1ELdsXRiho, r2---sn-v2uph0n-apne, 
A1FaDPywxwM, r4---sn-v2uph0n-apne, 
A1INZdLbBbY, r1---sn-v2uph0n-apne, 
A1YZ0SgWCSU, r3---sn-v2uph0n-apne, 
A1f9hckABfw, r4---sn-v2uph0n-apne, 
A2DZhyTdBxo, r1---sn-v2uph0n-apne, 
A2ZrrmumzyE, r3---sn-v2uph0n-apne, 
A336TiFsIiI, r1---sn-v2uph0n-apne, 
A3lRt2x-TQU, r2---sn-v2uph0n-apne, 
A3r94mpwTpo, r4---sn-v2uph0n-apne, 
A4JhpTTAf8M, r1---sn-v2uph0n-apne, 
A58FKaCIvZc, r4---sn-v2uph0n-apne, 
A5SWErNL6JE, r3---sn-v2uph0n-apne, 
A5q4k8c6jcQ, r3---sn-v2uph0n-apne, 
A5xKLEq3D2Y, r4---sn-v2uph0n-apne, 
A5xsaWeixQ4, r4---sn-v2uph0n-apne, 
A5zTMVqhyWM, r4---sn-v2uph0n-apne, 
A681Pw34WRk, r3---sn-v2uph0n-apne, 
A6JREwh7VhY, r4---sn-v2uph0n-apne, 
A6qlalHBLo4, r4---sn-v2uph0n-apne, 
A6rK38B1APc, r2---sn-v2uph0n-apne, 
A7-0zcPqQIQ, r3---sn-v2uph0n-apne, 
A75WZfwQioE, r1---sn-v2uph0n-apne, 
A7icz5DkjlA, r4---sn-v2uph0n-apne, 
A7lkpAjbTho, r1---sn-v2uph0n-apne, 
A85FGrkOn-8, r2---sn-v2uph0n-apne, 
A8AmuF5ySwk, r3---sn-v2uph0n-apne, 
A8K_OLs6opU, r1---sn-v2uph0n-apne, 
A8sELg95Tr0, r3---sn-v2uph0n-apne, 
A9-DYFUUs8E, r1---sn-v2uph0n-apne, 
A9UJamcAg3I, r4---sn-v2uph0n-apne, 
A9ZceH7qX1Q, r4---sn-v2uph0n-apne, 
A9ulmHnhbG4, r1---sn-v2uph0n-apne, 
A9yaMXNndiM, r1---sn-v2uph0n-apne, 
A9zsMpeYQL8, r2---sn-v2uph0n-apne, 
AA2YH9NM3jk, r1---sn-v2uph0n-apne, 
AABZAxy6yCU, r4---sn-v2uph0n-apne, 
AAH3vK6MusE, r4---sn-v2uph0n-apne, 
AARl1cMxS9w, r3---sn-v2uph0n-apne, 
AARrVAHnkdY, r1---sn-v2uph0n-apne, 
AAYWJXVdMag, r1---sn-v2uph0n-apne, 
AAc-cN1IYpQ, r3---sn-v2uph0n-apne, 
AAwvBpH-Drw, r2---sn-v2uph0n-apne, 
ABITcPwponY, r1---sn-v2uph0n-apne, 
ABM1IQhFXvk, r4---sn-v2uph0n-apne, 
ABdMOhfqHY0, r3---sn-v2uph0n-apne, 
ABi4D7_F6J4, r4---sn-v2uph0n-apne, 
AByfaYcOm4A, r3---sn-v2uph0n-apne, 
ACGUr8XVqvc, r4---sn-v2uph0n-apne, 
ACMN1vyErRc, r4---sn-v2uph0n-apne, 
ACQ0SyRmdL0, r1---sn-v2uph0n-apne, 
ACSdbnU2qdU, r3---sn-v2uph0n-apne, 
ACW9gk9SK50, r3---sn-v2uph0n-apne, 
ACYksTUcE3U, r1---sn-v2uph0n-apne, 
ACbMoCFTthc, r1---sn-v2uph0n-apne, 
ACfW_jmX3m8, r1---sn-v2uph0n-apne, 
ACn0pYwMwiM, r4---sn-v2uph0n-apne, 
ACtJRIjYwpQ, r1---sn-v2uph0n-apne, 
ACy_z2Qs0WU, r2---sn-v2uph0n-apne, 
ADSJME-0H70, r1---sn-v2uph0n-apne, 
ADZc_b2A9sQ, r4---sn-v2uph0n-apne, 
ADrUgZ2gwSU, r4---sn-v2uph0n-apne, 
ADtbX4DsY1I, r4---sn-v2uph0n-apne, 
ADxdscGsfy8, r2---sn-v2uph0n-apne, 
ADxzX9ZeEo8, r1---sn-v2uph0n-apne, 
AE42LLJ_vDQ, r3---sn-v2uph0n-apne, 
AE5CqRk8rZM, r1---sn-v2uph0n-apne, 
AEMVejMmwrU, r2---sn-v2uph0n-apne, 
AEMfXBZHlio, r3---sn-v2uph0n-apne, 
AENBKIW1BnQ, r4---sn-v2uph0n-apne, 
AEvJC9MNLMQ, r1---sn-v2uph0n-apne, 
AF4qa5BxcZ8, r1---sn-v2uph0n-apne, 
AFBesErEahQ, r2---sn-v2uph0n-apne, 
AFJ-IccMmMU, r4---sn-v2uph0n-apne, 
AFPXVwGgUJs, r4---sn-v2uph0n-apne, 
AFXSmZB57h8, r4---sn-v2uph0n-apne, 
AFxq5Ai6xyk, r4---sn-v2uph0n-apne, 
AG0m9-vl69w, r3---sn-v2uph0n-apne, 
AG3X0avVx8s, r1---sn-v2uph0n-apne, 
AG5L3QBWnR8, r1---sn-v2uph0n-apne, 
AG94xCLXHGo, r3---sn-v2uph0n-apne, 
AGJO0Djp_CM, r2---sn-v2uph0n-apne, 
AGLXpVOL4PM, r1---sn-v2uph0n-apne, 
AGScn_RhmWE, r2---sn-v2uph0n-apne, 
AGVPMEtB8Qc, r2---sn-v2uph0n-apne, 
AGZtgcWTDpA, r1---sn-v2uph0n-apne, 
AGilmtOH2Ps, r3---sn-v2uph0n-apne, 
AGyNjDYnZ8w, r3---sn-v2uph0n-apne, 
AH5t7lp5BnM, r1---sn-v2uph0n-apne, 
AHAmYQjrHoM, r3---sn-v2uph0n-apne, 
AHk7YtWW50k, r3---sn-v2uph0n-apne, 
AHry0bGuczs, r3---sn-v2uph0n-apne, 
AHryNQCY4C4, r4---sn-v2uph0n-apne, 
AHt6QHcXQ0g, r2---sn-v2uph0n-apne, 
AHzGPglkE-g, r4---sn-v2uph0n-apne, 
AI8y1iG1ieg, r3---sn-v2uph0n-apne, 
AIDY-Y14D9U, r2---sn-v2uph0n-apne, 
AIIU2Y20dkE, r3---sn-v2uph0n-apne, 
AIb0UsBlooI, r2---sn-v2uph0n-apne, 
AJLUV4uMtPc, r4---sn-v2uph0n-apne, 
AJOAwl1iEuc, r2---sn-v2uph0n-apne, 
AJ_Tv7LixaY, r1---sn-v2uph0n-apne, 
AJk4_wsjg3U, r4---sn-v2uph0n-apne, 
AK-NdTlgJZY, r4---sn-v2uph0n-apne, 
AK6llf9T8JM, r4---sn-v2uph0n-apne, 
AKIv7SdSFYY, r2---sn-v2uph0n-apne, 
AKNqF7VG9dQ, r3---sn-v2uph0n-apne, 
AKUYHcwCtVI, r3---sn-v2uph0n-apne, 
AKhxD-7MEVE, r3---sn-v2uph0n-apne, 
ALLPxeNoywc, r2---sn-v2uph0n-apne, 
ALR9c2frsZc, r4---sn-v2uph0n-apne, 
ALbFKN9HPY8, r3---sn-v2uph0n-apne, 
ALpCWKa1yQA, r1---sn-v2uph0n-apne, 
AMF8dntBOeo, r4---sn-v2uph0n-apne, 
AMPFcQA9cGE, r4---sn-v2uph0n-apne, 
AMPxRtXmU9o, r4---sn-v2uph0n-apne, 
AMhWv_zsODc, r2---sn-v2uph0n-apne, 
ANDSm0ERZJY, r3---sn-v2uph0n-apne, 
ANRMW393OSk, r2---sn-v2uph0n-apne, 
ANSv17SllOg, r1---sn-v2uph0n-apne, 
ANXbCwJe6mM, r1---sn-v2uph0n-apne, 
ANsGxYPPRCw, r2---sn-v2uph0n-apne, 
ANy25gKQkzA, r1---sn-v2uph0n-apne, 
AO1est5mwyI, r4---sn-v2uph0n-apne, 
AO6BkGm337Y, r2---sn-v2uph0n-apne, 
AOALk-epb6w, r3---sn-v2uph0n-apne, 
AOFRlvrRb_o, r1---sn-v2uph0n-apne, 
AOLpOo6MSBQ, r1---sn-v2uph0n-apne, 
AORaOpPK3oU, r4---sn-v2uph0n-apne, 
AOaMyDAGwOs, r4---sn-v2uph0n-apne, 
AOfLthpqwrs, r3---sn-v2uph0n-apne, 
AP8kemCq4dc, r3---sn-v2uph0n-apne, 
APIY_xM0LfA, r1---sn-v2uph0n-apne, 
APMTl24TKC4, r3---sn-v2uph0n-apne, 
APO1BCv0KOQ, r1---sn-v2uph0n-apne, 
APP9rG9k7yU, r4---sn-v2uph0n-apne, 
APU-C8rICak, r2---sn-v2uph0n-apne, 
APXCs-br7rw, r1---sn-v2uph0n-apne, 
APrpB-i4d_E, r3---sn-v2uph0n-apne, 
APscUaniAj0, r3---sn-v2uph0n-apne, 
AQ36ygnahdE, r3---sn-v2uph0n-apne, 
AQ3J6hAMNAM, r4---sn-v2uph0n-apne, 
AQ5JIx9rN9w, r2---sn-v2uph0n-apne, 
AQENwD-QlRA, r4---sn-v2uph0n-apne, 
AQFzKJCr_Ao, r2---sn-v2uph0n-apne, 
AQIGPPzWgCA, r2---sn-v2uph0n-apne, 
AQNOiqRIp4s, r4---sn-v2uph0n-apne, 
AQRbAMb6LbI, r1---sn-v2uph0n-apne, 
AQZkONQAv_8, r2---sn-v2uph0n-apne, 
AQfaY13y3d8, r2---sn-v2uph0n-apne, 
ARNiv8MR4JE, r2---sn-v2uph0n-apne, 
ARg6OsUeMTA, r1---sn-v2uph0n-apne, 
AS-J54Qwme0, r4---sn-v2uph0n-apne, 
ASMurRro5n8, r2---sn-v2uph0n-apne, 
ASN-IMnutXc, r1---sn-v2uph0n-apne, 
AScpPShYYVA, r4---sn-v2uph0n-apne, 
ASoOdEvr_iM, r2---sn-v2uph0n-apne, 
ASsUmS8CUtg, r1---sn-v2uph0n-apne, 
AT969sZq1qc, r4---sn-v2uph0n-apne, 
ATPMi64ZMy0, r2---sn-v2uph0n-apne, 
ATU-mqQzlcI, r3---sn-v2uph0n-apne, 
ATcODVYSTB4, r2---sn-v2uph0n-apne, 
AThep2NRFVM, r1---sn-v2uph0n-apne, 
ATnfHumnDsc, r4---sn-v2uph0n-apne, 
ATswR6TSf1c, r3---sn-v2uph0n-apne, 
AU-De9lZBh8, r4---sn-v2uph0n-apne, 
AU4kxaxwP6k, r3---sn-v2uph0n-apne, 
AUEe-6ILqXo, r1---sn-v2uph0n-apne, 
AUNzTbz_CUk, r1---sn-v2uph0n-apne, 
AUOIgbP83nk, r4---sn-v2uph0n-apne, 
AUUL4XJFj6g, r1---sn-v2uph0n-apne, 
AUV-fsk9Zug, r2---sn-v2uph0n-apne, 
AUVL3T_rJks, r3---sn-v2uph0n-apne, 
AUWaV3UBaek, r4---sn-v2uph0n-apne, 
AVK27wAtKLg, r3---sn-v2uph0n-apne, 
AVSThhhgPFo, r1---sn-v2uph0n-apne, 
AVZwkV9PIPg, r4---sn-v2uph0n-apne, 
AVhnh6LzWh8, r1---sn-v2uph0n-apne, 
AVi4PUx8bXk, r2---sn-v2uph0n-apne, 
AVsLWFIHjdY, r4---sn-v2uph0n-apne, 
AWozq4Phckc, r3---sn-v2uph0n-apne, 
AWuC0v55fjU, r1---sn-v2uph0n-apne, 
AX21wTFynm4, r3---sn-v2uph0n-apne, 
AXTSxBSVFLI, r3---sn-v2uph0n-apne, 
AXmP0eV5UY8, r2---sn-v2uph0n-apne, 
AXqFtFLAW0I, r4---sn-v2uph0n-apne, 
AXxKirqWF40, r1---sn-v2uph0n-apne, 
AY45xwRq6Y4, r3---sn-v2uph0n-apne, 
AY7W-hLXO_M, r4---sn-v2uph0n-apne, 
AYMHLzjk_n0, r3---sn-v2uph0n-apne, 
AYr72_kG59Q, r3---sn-v2uph0n-apne, 
AYu-uZrK1aY, r3---sn-v2uph0n-apne, 
AZGDJ_4N4fk, r2---sn-v2uph0n-apne, 
AZGhmVqkp9g, r1---sn-v2uph0n-apne, 
AZlWXtQlEK8, r4---sn-v2uph0n-apne, 
AZw5AC_re6I, r2---sn-v2uph0n-apne, 
A_bRM_ErllU, r1---sn-v2uph0n-apne, 
A_dIeDL-rGg, r1---sn-v2uph0n-apne, 
A_i_LR3qKUw, r3---sn-v2uph0n-apne, 
A_lTWDFjikw, r4---sn-v2uph0n-apne, 
AaQ7bFP_wVY, r1---sn-v2uph0n-apne, 
AaRWi1O-UBE, r1---sn-v2uph0n-apne, 
AaS7R6Zsl0Q, r1---sn-v2uph0n-apne, 
AaVuksrB4R0, r2---sn-v2uph0n-apne, 
AaafMpqXXBs, r4---sn-v2uph0n-apne, 
Aale6lOnU88, r3---sn-v2uph0n-apne, 
AavfzLPcZwo, r1---sn-v2uph0n-apne, 
Ab6O3UbV_ME, r3---sn-v2uph0n-apne, 
AbNgXrAAA5A, r3---sn-v2uph0n-apne, 
AbSyvnhX1KY, r1---sn-v2uph0n-apne, 
AbZYJKqR4Wg, r1---sn-v2uph0n-apne, 
AbmqjcdiZiI, r2---sn-v2uph0n-apne, 
AbobAXcl-T4, r4---sn-v2uph0n-apne, 
Abr7dcDWi6w, r1---sn-v2uph0n-apne, 
AbrA9NnjXiw, r2---sn-v2uph0n-apne, 
Ac-YpDqyEB4, r3---sn-v2uph0n-apne, 
Ac9cAWqkKZw, r1---sn-v2uph0n-apne, 
AcGBTYyHllQ, r2---sn-v2uph0n-apne, 
AcI-KcxrKI4, r3---sn-v2uph0n-apne, 
AcJ3pMRTxsE, r1---sn-v2uph0n-apne, 
AcdY7tcHNlY, r1---sn-v2uph0n-apne, 
Aclf7xQbiTU, r2---sn-v2uph0n-apne, 
Ad6UyRiCwEk, r3---sn-v2uph0n-apne, 
AdGDTdwEO1g, r4---sn-v2uph0n-apne, 
AdyTG0Im8M4, r1---sn-v2uph0n-apne, 
AeG3YfSBs7g, r2---sn-v2uph0n-apne, 
AeQ2ylszdyA, r2---sn-v2uph0n-apne, 
AebcOq3jAwE, r4---sn-v2uph0n-apne, 
AeqirHPGvqI, r2---sn-v2uph0n-apne, 
Af5fS822keg, r4---sn-v2uph0n-apne, 
Af8S5EeSG58, r2---sn-v2uph0n-apne, 
AfFoMB6LhKY, r2---sn-v2uph0n-apne, 
AfpyoGFJNNE, r3---sn-v2uph0n-apne, 
AftW4y8z--E, r2---sn-v2uph0n-apne, 
AfwPFV6D6CI, r4---sn-v2uph0n-apne, 
Ag4qoNzEH4w, r4---sn-v2uph0n-apne, 
AgKpGlMTA9M, r1---sn-v2uph0n-apne, 
AgrEG-2top0, r4---sn-v2uph0n-apne, 
Agv9GRyVAS4, r2---sn-v2uph0n-apne, 
Agwq-gg8S1M, r2---sn-v2uph0n-apne, 
Agy0C4D_czM, r1---sn-v2uph0n-apne, 
AhOSXNZvnp4, r3---sn-v2uph0n-apne, 
AhVapKDSVVE, r1---sn-v2uph0n-apne, 
AhtfRivv--c, r4---sn-v2uph0n-apne, 
AhupAD4edYU, r4---sn-v2uph0n-apne, 
AiLvLVir8sI, r4---sn-v2uph0n-apne, 
AiVFy7LtySM, r4---sn-v2uph0n-apne, 
AjPgbfn6K0w, r2---sn-v2uph0n-apne, 
Ak0m8rYohY8, r1---sn-v2uph0n-apne, 
Ak6DuZXZCqo, r3---sn-v2uph0n-apne, 
AkMeGyNXc3A, r3---sn-v2uph0n-apne, 
AkSeqxnVqpY, r1---sn-v2uph0n-apne, 
AkY3VMyjjRg, r1---sn-v2uph0n-apne, 
AkfjMs8fKKM, r1---sn-v2uph0n-apne, 
AlJFIt-CgbQ, r1---sn-v2uph0n-apne, 
AlTHI-y8IcA, r2---sn-v2uph0n-apne, 
Alwgbb32Hro, r1---sn-v2uph0n-apne, 
AmDTrvddD_8, r4---sn-v2uph0n-apne, 
AmFMJC45f1Q, r2---sn-v2uph0n-apne, 
AmOB4OD2lzk, r3---sn-v2uph0n-apne, 
AmwQOWwZcJQ, r4---sn-v2uph0n-apne, 
AnDx4SZZ0Bo, r4---sn-v2uph0n-apne, 
AnXOKJi11Co, r3---sn-v2uph0n-apne, 
Ano6SU1-u9Y, r2---sn-v2uph0n-apne, 
AnoWc86PEik, r2---sn-v2uph0n-apne, 
AoFJsWfIJPk, r3---sn-v2uph0n-apne, 
AoLM_YOG43w, r1---sn-v2uph0n-apne, 
AoPiQvAGNgc, r2---sn-v2uph0n-apne, 
AoQUCd0vYCw, r3---sn-v2uph0n-apne, 
AoU2D2-yzws, r2---sn-v2uph0n-apne, 
AohOD6F_rwA, r2---sn-v2uph0n-apne, 
Aosibp28Zfg, r4---sn-v2uph0n-apne, 
ApGO9G4OY0Y, r2---sn-v2uph0n-apne, 
ApVcYKASRww, r3---sn-v2uph0n-apne, 
ApcNUyNu0Ro, r4---sn-v2uph0n-apne, 
Apk39Q_NO68, r4---sn-v2uph0n-apne, 
ApkwkOLrrp8, r2---sn-v2uph0n-apne, 
Apqq2ZtWz_Y, r2---sn-v2uph0n-apne, 
AprJIVniZA4, r4---sn-v2uph0n-apne, 
ApvLgliq_lY, r3---sn-v2uph0n-apne, 
AqBga-VFSO8, r1---sn-v2uph0n-apne, 
AqCIvwMVkcE, r3---sn-v2uph0n-apne, 
AqL2yaY-01g, r3---sn-v2uph0n-apne, 
AqtETVCWsrU, r3---sn-v2uph0n-apne, 
ArErB_YSDYs, r1---sn-v2uph0n-apne, 
ArhX29m2A8U, r1---sn-v2uph0n-apne, 
ArsV7AFZBHY, r3---sn-v2uph0n-apne, 
AsMM3UUlwyk, r1---sn-v2uph0n-apne, 
AsSjsDTFydI, r4---sn-v2uph0n-apne, 
AsU2f29rGNU, r3---sn-v2uph0n-apne, 
At9NYIz-ero, r4---sn-v2uph0n-apne, 
AtUe0nrShV0, r4---sn-v2uph0n-apne, 
AtXx-iKOP6o, r4---sn-v2uph0n-apne, 
Au-RFGQ3ND4, r1---sn-v2uph0n-apne, 
AuSUpY0a4Nk, r2---sn-v2uph0n-apne, 
AucbSYadtKE, r1---sn-v2uph0n-apne, 
AvFyJ_VaerE, r2---sn-v2uph0n-apne, 
AvQZpQjuODo, r3---sn-v2uph0n-apne, 
AvZzOdwHQ48, r3---sn-v2uph0n-apne, 
Aw78QjlneKg, r3---sn-v2uph0n-apne, 
Aw8YaEAesBM, r2---sn-v2uph0n-apne, 
AwBjBEmUzL4, r1---sn-v2uph0n-apne, 
Axnt6xvZlXQ, r1---sn-v2uph0n-apne, 
Axr5kGRLKDw, r4---sn-v2uph0n-apne, 
AxrAyRSy8LM, r4---sn-v2uph0n-apne, 
AxsjRmN9syc, r1---sn-v2uph0n-apne, 
AyF_61C0kZ0, r4---sn-v2uph0n-apne, 
AyI9rHBnIlI, r3---sn-v2uph0n-apne, 
AyKMQTml3FA, r2---sn-v2uph0n-apne, 
AyPk4sul4Ks, r2---sn-v2uph0n-apne, 
Az6fyWnkC3o, r1---sn-v2uph0n-apne, 
AzBVOcqQuxs, r4---sn-v2uph0n-apne, 
AzYBExUs7iA, r2---sn-v2uph0n-apne, 
B-1te8o9R08, r4---sn-v2uph0n-apne, 
B-4d8EY45eo, r3---sn-v2uph0n-apne, 
B-XP02IVxeY, r1---sn-v2uph0n-apne, 
B-sUgouY12g, r2---sn-v2uph0n-apne, 
B-zZw0veoJ4, r3---sn-v2uph0n-apne, 
B0SMfrK3Kjk, r3---sn-v2uph0n-apne, 
B0Udvp-lu6U, r4---sn-v2uph0n-apne, 
B0kiTDft_TM, r4---sn-v2uph0n-apne, 
B1L0qkPirYA, r2---sn-v2uph0n-apne, 
B1MGi12RspA, r1---sn-v2uph0n-apne, 
B1YuRmLUFwc, r4---sn-v2uph0n-apne, 
B1cHFOZMVFI, r1---sn-v2uph0n-apne, 
B1o0FAf-qAw, r2---sn-v2uph0n-apne, 
B24M92pH6Q8, r3---sn-v2uph0n-apne, 
B2LPbs96jC4, r2---sn-v2uph0n-apne, 
B3NhFzUm6O8, r4---sn-v2uph0n-apne, 
B3QPKpyxB-0, r4---sn-v2uph0n-apne, 
B4AkRgi6czk, r3---sn-v2uph0n-apne, 
B4BhIePZIM8, r3---sn-v2uph0n-apne, 
B4GE0cizvcY, r3---sn-v2uph0n-apne, 
B4Obqle7Qls, r1---sn-v2uph0n-apne, 
B4bqMc5EYm8, r2---sn-v2uph0n-apne, 
B4kHoh92eA0, r1---sn-v2uph0n-apne, 
B4kN2B80ka8, r1---sn-v2uph0n-apne, 
B51bLBdUt3w, r1---sn-v2uph0n-apne, 
B58P5593d-w, r3---sn-v2uph0n-apne, 
B5AcmZHp-gY, r3---sn-v2uph0n-apne, 
B5FnudJqt6s, r1---sn-v2uph0n-apne, 
B68jjHk3Xlc, r1---sn-v2uph0n-apne, 
B6FJRX2NDrw, r3---sn-v2uph0n-apne, 
B6JHImVwW3c, r3---sn-v2uph0n-apne, 
B6Owp9lnJcM, r2---sn-v2uph0n-apne, 
B7G1ttn579w, r2---sn-v2uph0n-apne, 
B7GsP8gYu6M, r2---sn-v2uph0n-apne, 
B7R7PhrYuDY, r3---sn-v2uph0n-apne, 
B7saDtVdMTk, r1---sn-v2uph0n-apne, 
B8dalb7YBn8, r1---sn-v2uph0n-apne, 
B8eU9Vq_nag, r4---sn-v2uph0n-apne, 
B8ke25jADRo, r4---sn-v2uph0n-apne, 
B8ptp2Iw868, r3---sn-v2uph0n-apne, 
B9CMIpC9Gss, r1---sn-v2uph0n-apne, 
B9GFH9WuNMY, r1---sn-v2uph0n-apne, 
BA2bC1WkAQU, r4---sn-v2uph0n-apne, 
BA7jKhYMFcM, r2---sn-v2uph0n-apne, 
BABxWSzt0OA, r3---sn-v2uph0n-apne, 
BAFUON3A22M, r2---sn-v2uph0n-apne, 
BAKNO5RBcaY, r2---sn-v2uph0n-apne, 
BAnqDmyR1hU, r4---sn-v2uph0n-apne, 
BAp6c6ARZ-w, r2---sn-v2uph0n-apne, 
BArONOxQhD4, r2---sn-v2uph0n-apne, 
BBR4itYm94I, r1---sn-v2uph0n-apne, 
BBWu4UjA8VI, r4---sn-v2uph0n-apne, 
BBflLSfiNAY, r3---sn-v2uph0n-apne, 
BBj2nqwAUnA, r4---sn-v2uph0n-apne, 
BCFSBCUVnXs, r4---sn-v2uph0n-apne, 
BCGiuN647Zg, r3---sn-v2uph0n-apne, 
BCUJJGzumrA, r1---sn-v2uph0n-apne, 
BCc5aymjAM0, r2---sn-v2uph0n-apne, 
BCx7ge6J8Fk, r3---sn-v2uph0n-apne, 
BDRYQ0jCfo4, r1---sn-v2uph0n-apne, 
BDat0l9kjiA, r2---sn-v2uph0n-apne, 
BDf2Ce1KGYE, r2---sn-v2uph0n-apne, 
BDp6SsmTlcU, r2---sn-v2uph0n-apne, 
BE3lbtiEvNc, r1---sn-v2uph0n-apne, 
BEP455I6uSY, r3---sn-v2uph0n-apne, 
BEtTTfKPZ4I, r4---sn-v2uph0n-apne, 
BEwQx1Ni_GE, r2---sn-v2uph0n-apne, 
BFDQA4wRfIc, r1---sn-v2uph0n-apne, 
